,titles,y,price,sales,author
0,Pai Rico Pai Pobre,1,53.45,102,Kiyosaki Robert
1,Do Mil ao Milhão,0,28.45,84,Thiago Nigro
2,Livro Os Segredos da Mente Milionária,1,21.5,60,T. Harv Eker
3,"Livro Pai Rico, Pai Pobre -Robert T. Kiyosaki",1,43.98,46,Robert T. Kiyosaki
4,Pai Rico Pai Pobre,1,49,25,Robert T. Kiyosaki
5,"Pai Rico, Pai Pobre + Do Mil Ao Um Milhão",1,78.9,131,"Robert Kiyosaki, Thiago Nigro"
6,Pai Rico Pai Pobre,1,53.45,16,Kiyosaki Robert
7,Candlestick Um método para ampliar lucros na Bolsa de Valores,1,38.7,824,Carlos Alberto Debastiani
8,Pai Rico Pai Pobre - Edição 20 Anos Atualizada e Ampliada e Os Segredos da Mante Milionária,1,116,701,Robert T. Kiyosaki
9,Livro 101 Perguntas E Respostas Para Investidores Iniciantes,0,25,141,Tiago reis
10,Livro Criação De Riqueza,0,22.41,82,Paulo Vieira
11,"INVESTIDOR INTELIGENTE, O - 2ª ED",1,59.9,52,"GRAHAM, BENJAMIN"
12,Método financeiro do primo rico + Do mil ao milhão sem cortar o cafezinho,0,67.49,30,Thiago Nigro
13,O Homem Mais Rico da Babilônia,1,21.5,132,George S. Clason
14,Manual de Análise Técnica - Essência e estratégias avançadas,1,53.1,340,Marcos Abe
15,Livro Pai Rico Pai Pobre,1,53.51,222,Kiyosaki Robert
16,Lucrando com os Tubarões,0,40.5,34,Newton Linchen e Tarcísio S. Peres
17,Do Mil ao Milhão,0,26.45,51,Thiago Nigro
18,O Investidor Inteligente,0,59.84,223,Lourdes Sette
19,Coleção Novos Mercados - 3 Livros,1,75,2746,Marcelo C. Piazza
20,Do Mil ao Milhão,0,22,31,Thiago Nigro
21,Do Mil ao Milhão,0,27.45,74,Thiago Nigro
22,"Livro - Trabalhe 4 horas por semana - Fuja Da Rotina, Viva Onde Quiser E Fique Rico",0,55.5,12,Timothy Ferriss
23,Pega A Visão,0,39.99,445,Rick Chesther
24,A Favela Venceu,0,78.99,97,Rick Chesther
25,Do mil ao milhão - Casais Inteligentes enriquece juntos,0,59.9,25,"Thiago Nigro, Cerbasi"
26,Livro - Casais Inteligentes Enriquecem Juntos,0,39.9,155,Gustavo Cerbasi
27,Operando Na Bolsa De Valores Utilizando Analise Tecnica,1,53.1,125,Joseilton S. Correia
28,Warren Buffett e a análise de balanços,1,31.04,33,Mary Buffett
29,Livro - Do Mil ao Milhão Sem Cortar o Cafezinho,0,34.9,195,Thiago Nigro
30,Pega A Visão,0,29.9,48,Rick Chesther
31,Os segredos da mente milionária,1,37.9,317,T Harv Eker
32,Os segredos da mente milionária,1,37.9,11,T. Harv Eker
33,Quem Mexeu No Meu Queijo e Como Sair Do Labirinto,1,39,21,"JOHNSON, SPENCER"
34,"Pai Rico Pai Pobre - Edição 20 Anos Atualizada e Ampliada, Investidor Inteligente e Do Mil ao Milhão",1,159.49,24,Sem Cortar o Cafézinho
35,O poder do Equity + Smart Money,1,119.9,1,João Kepler
36,Fator de enriquecimento: Uma fórmula simples e poderosa,1,22,98,Paulo Vieira
37,"Livro - Pai Rico, Pai Pobre Nova edição atualizada",1,59.9,35,Robert T. Kiyosaki
38,Ganhe Mais Investindo Em Opcoes,1,30,193,Marcelo C. Piazza
39,Livro Método Financeiro Do Primo Rico Capa Dura Thiago Nigro,0,58.64,15,Thiago Nigro
40,Faça Fortuna Com Ações,0,50.49,17,Antes que seja Tarde
41,"Pai Rico Pai Pobre - Edição 20 Anos Atualizada e Ampliada, Os Segredos da Mante Milionária e Do Mil ao Milhão",1,134.54,530,Robert T. Kiyosaki / Thiago Nigro / T. Harv Eker
42,"LIVRO FUTURO DO DINHEIRO, O",0,38,14,GENTE EDITORA LTDA
43,Dinheiro: Os Segredos de Quem Tem,0,35.91,18,Gustavo Cerbasi
44,Iludidos pelo acaso,0,56.15,48,Nassim Nicholas Taleb
45,O Investidor Inteligente,1,63.83,13,Lourdes Sette
46,Orçamento Sem Falhas,0,34.9,20,Nath Finanças
47,Ponto de Inflexão,0,33.99,323,Flávio Augusto
48,Audaz - As 5 Competências Para Construir Carreiras e Negócios Inabaláveis Nos Dias De Hoje,0,39,2,Mauricio Benvenutti
49,Os Axiomas de Zurique / Faça Fortuna com Ações,1,114,2,Os Conselhos dos Banqueiros suíços para Orientar seus Investimentos
50,Movimento do caixa,0,58,27,são domingos
51,"Pai Rico, Pai Pobre - Edição De 20 Anos",1,48.9,38,"Kiyosaki,Robert T."
52,Warren Buffett e a análise de balanços,1,39.49,2,Como identificar empresas com vantagem competitiva de longo prazo por meio de suas demonstrações financeiras
53,Método Financeiro Do Primo Rico,0,44.54,4,Método Financeiro Do Primo Rico
54,Os Axiomas de Zurique / Do Mil ao Milhão,1,104.49,12,Sem Cortar o Cafézinho
55,Iludidos pelo acaso / Antifrágil,0,149,2,A influência da sorte nos mercados e na vida
56,Do Mil ao Milhão / Método Financeiro Do Primo Rico,0,105,1,Método Financeiro Do Primo Rico
57,Livro Investidor Inteligente,1,78.89,1,Benjamin Graham
58,O Investidor Inteligente / Como Fazer Amigos e Influenciar Pessoas,0,124.89,1,O Investidor Inteligente / Como Fazer Amigos e Influenciar Pessoas
59,PAI RICO PAI POBRE OS SEGREDOS DA MENTE E O HOMEM MAIS RICO DA HISTÓRIA,0,149,22,Carlos Wizard Martins/Robert T. Kiyosaki e Sharon L. Lechter
60,O Investidor de Bom Senso | O Jeito Peter Lynch de Investir,0,123.47,1,A Melhor Maneira de Garantir um Bom Desempenho no Mercado de Ações
61,Pai Rico Pai Pobre / O Negócio do Século XXI,1,110,5,20 Anos Atualizada e Ampliada
62,Pai Rico Pai Pobre / O Negócio do Século XXI,1,118.49,1,20 Anos Atualizada e Ampliada
63,Pai Rico Pai Pobre Os Segredos Da Mente Milionária E Go Pro,1,146,7,Robert Kiyosaki com John Fleming e Kim Kiyosaki
64,Iludidos pelo acaso / Antifrágil,1,162,1,A influência da sorte nos mercados e na vida
65,Os Axiomas de Zurique / Faça Fortuna com Ações,1,109.49,3,Os Conselhos dos Banqueiros suíços para Orientar seus Investimentos
66,O Investidor Inteligente / O Milagre Da Manhã,1,116.13,1,O Investidor Inteligente / O Milagre Da Manhã
67,O Investidor Inteligente / O Homem Mais Rico Da Babilônia,1,115.49,1,Lourdes Sette
68,O Investidor Inteligente / Mais Esperto que o Diabo,1,118.49,1,O mistério revelado da liberdade e do sucesso
69,Os Axiomas de Zurique / Faça Fortuna com Ações,1,115.49,1,Os Conselhos dos Banqueiros suíços para Orientar seus Investimentos
70,Casais Inteligentes Enriquecem Juntos - Finanças Para Casai,0,34.9,387,"Cerbasi,Gustavo"
71,A Fórmula Mágica de Joel Greenblatt para Bater o Mercado de Ações,0,52.49,1,A Fórmula Mágica de Joel Greenblatt para Bater o Mercado de Ações
72,Planejamento Financeiro Pessoal E Gestão Do Patrimônio,0,130.31,6,"Sousa, Almir Ferreira"
73,O Investidor Inteligente / Trabalhe 4 Horas por Semana / Quem Pensa Enriquece o Legado,0,158.9,2,"Fuja da Rotina, Viva Onde Quiser e Fique Rico"
74,Os Axiomas de Zurique / O investidor Inteligente,1,144,1,Os Axiomas de Zurique / O investidor Inteligente
75,Histórias de Sucesso do Pai Rico,0,57,2,Robert T. Kiyosaki
76,Quem mexeu no meu dinheiro?,0,54.9,1,Robert T. Kiyosaki
77,Fique Rico Operando Opções,0,64,4,Estratégias vencedoras dos Traders profissionais
78,FIQUE RICO OPERANDO OPCOES,0,48.51,43,"LOWELL, LEE"
79,Axiomas de Zurique / O Investidor Inteligente / O Homem Mais Rico Da Babilônia,1,164.49,1,Axiomas de Zurique / O Investidor Inteligente / O Homem Mais Rico Da Babilônia
80,Pai Rico Pai Pobre Desperte o Milionário que há em você + 2 Livros,1,182.85,7,Carlos Wizard Martins/Robert T. Kiyosaki e Sharon L. Lechter
81,O Investidor Inteligente / Como Fazer Amigos e Influenciar Pessoas,0,130.49,4,O Investidor Inteligente / Como Fazer Amigos e Influenciar Pessoas
82,Livro Curso De Contabilidade Para Não Contadores,0,130,4,Sérgio de Iudícibus e José Carlos Marion
83,O Investidor de Bom Senso / O Investidor Inteligente,0,139.49,6,A Memor Maneira de Garantir um Bom Desempenho no Mercado de Ações
84,Pai Rico Pai Pobre Nova Edição  E   Go Pró,1,127,8,Robert Kiyosaki com John Fleming e Kim Kiyosaki
85,"Venda à mente, não ao cliente / Os segredos do lobo / Como convencer alguém em 90 segundos",1,175,15,Jürgen Klaric e outros
86,Faça Fortuna Com Açoes / Quem pensa enriquece / Do Mil ao Milhão,0,178,3,Decio Bazin e outros
87,"Opções,Futuros E Outros Derivativos",0,162.84,1,"Hull,John C."
88,Casais Inteligentes Enriquecem Juntos - Finanças,0,34.9,476,"Cerbasi,Gustavo"
89,Investindo Em Ações No Longo Prazo,0,107.25,11,O Guia Indispensável do Investidor do Mercado Financeiro
90,Pai Rico Pai Pobre,0,64.49,61,Pai Rico Edição 20 Anos Atualizada e Ampliada
91,"Avaliando Empresas, Investindo Em Acoes",0,49,92,Carlos Alberto Debastiani e Felipe Augusto Russo
92,"Pai Rico, Pai Pobre Para Jovens - O Que A Escola Não Ensina",1,47.9,24,"Kiyosaki,Robert"
93,O Guia Do Pai Rico - Independência Financeira - O Guia Para,1,58.9,23,"Kiyosaki,Robert T."
94,"JEITO WARREN BUFFETT DE INVESTIR, O - 2ª ED",1,43.12,10,"HAGSTROM, ROBERT G."
95,Princípios De Finanças Corporativas,0,234.75,1,"Brealey,Richard; Myers,Stewart; Allen,Franklin"
96,Princípios De Administração Financeira,1,229.6,1,"Gitman,Lawrence J.; Zutter,Chad J."
97,MATEMATICA FINANCEIRA E SUAS APLICACOES - 14ª ED,0,133.11,3,"ASSAF NETO, ALEXANDRE"
98,Pai Rico Pai Pobre,1,64.49,61,Pai Rico Edição 20 Anos Atualizada e Ampliada
99,"Avaliando Empresas, Investindo Em Acoes",1,49,92,Carlos Alberto Debastiani e Felipe Augusto Russo
100,Avaliação De Empresas,0,223.2,3,"Damodaran,Aswath"
101,FIQUE RICO OPERANDO OPCOES,0,48.51,43,"LOWELL, LEE"
102,O Investidor Inteligente / Dinheiro é Emocional,1,116,1,Saúde Emocional Para Ter Paz Financeira
103,Candlestick / Os Axiomas de Zurique,1,129,13,Carlos Alberto Debastiani / Max Gunther
104,Faça Fortuna Com Açoes /  Os segredos da mente milionária / O homem mais rico da Babilônia,0,159,5,Decio Bazin e outros
105,Sociedade Da Fortuna,0,23.5,2,Sociedade Da Fortuna
106,"RIQUEZA DA VIDA SIMPLES, A",0,31.92,6,"CERBASI, GUSTAVO"
107,Coleção Novos Mercados - 3 Livros,0,189,3,Marcelo C. Piazza
108,O Investidor Inteligente,1,62.1,6,Lourdes Sette
109,"Adeus, Aposentadoria!",0,30,1,"Cerbasi,Gustavo"
110,INVESTIMENTOS,1,193.4,2,INVESTIMENTOS
111,Guia Suno De Contabilidade Para Investidores - Cla,1,32,2,CONCEITOS CONTABEIS FUNDAMENTAIS PARA QUEM INVESTE NA BOLSA
112,"Seu Primeiro Milhao, O - Academia",1,31.92,2,COMO FAZER O SEU DINHEIRO CRESCER
113,Operando Na Bolsa De Valores - Novatec,1,47.2,12,UTILIZANDO ANALISE TECNICA
114,Seguros Matematica Atuarial E Financeira - Saraiva,0,82.4,1,UMA ABORDAGEM INTRODUTORIA
115,O Poder da Autorresponsabilidade / Os Axiomas deZurique / Candlestick - Novatec,1,148,5,Paulo Vieira / Max Gunther / Carlos Alberto Debastiani
116,EU VOU TE ENSINAR A SER RICO,0,31.9,15,EU VOU TE ENSINAR A SER RICO
117,Pare de viver na corda bamba,0,36,2,Carlos Alberto Debastiani
118,Pai Rico Pai Pobre - Edição 20 Anos Atualizada e Ampliada,1,129.49,1,Robert T. Kiyosaki
119,Casais inteligentes enriquecem juntos / Mindset,0,119,1,Gustavo Cerbasi
120,O Poder da Autorresponsabilidade / Os Axiomas deZurique / Candlestick - Novatec,0,130,4,Paulo Vieira / Max Gunther / Carlos Alberto Debastiani
121,Candlestick / Os Axiomas de Zurique,1,148,5,Carlos Alberto Debastiani / Max Gunther
122,"Pai Rico, Pai Pobre Para Jovens - O Que A Escola Não Ensina",1,129,13,"Kiyosaki,Robert"
123,Os Axiomas de Zurique / O investidor Inteligente,1,47.9,24,Os Axiomas de Zurique / O investidor Inteligente
124,Pai Rico Pai Pobre Desperte o Milionário que há em você + 2 Livros,1,144,1,Carlos Wizard Martins/Robert T. Kiyosaki e Sharon L. Lechter
125,Axiomas de Zurique / O Investidor Inteligente / O Homem Mais Rico Da Babilônia,1,182.85,7,Axiomas de Zurique / O Investidor Inteligente / O Homem Mais Rico Da Babilônia
126,Pai Rico Pai Pobre Os Segredos Da Mente Milionária E Go Pro,0,164.49,1,Robert Kiyosaki com John Fleming e Kim Kiyosaki
127,O Investidor Inteligente / O Milagre Da Manhã,0,146,7,O Investidor Inteligente / O Milagre Da Manhã
128,O Investidor Inteligente / Como Fazer Amigos e Influenciar Pessoas,0,116.13,1,O Investidor Inteligente / Como Fazer Amigos e Influenciar Pessoas
129,O Investidor Inteligente / Dinheiro é Emocional,0,124.89,1,Saúde Emocional Para Ter Paz Financeira
130,O Investidor Inteligente / O Homem Mais Rico Da Babilônia,0,116,1,Lourdes Sette
131,O Investidor Inteligente / Mais Esperto que o Diabo,0,115.49,1,O mistério revelado da liberdade e do sucesso
132,O Investidor Inteligente,0,118.49,1,Lourdes Sette
133,Faça Fortuna Com Açoes / Quem pensa enriquece / Do Mil ao Milhão,0,62.1,6,Decio Bazin e outros
134,Pai Rico Pai Pobre Nova Edição  E   Go Pró,0,178,3,Robert Kiyosaki com John Fleming e Kim Kiyosaki
135,Audaz - As 5 Competências Para Construir Carreiras e Negócios Inabaláveis Nos Dias De Hoje,0,127,8,Mauricio Benvenutti
136,Faça Fortuna Com Açoes /  Os segredos da mente milionária / O homem mais rico da Babilônia,0,39,2,Decio Bazin e outros
137,Coleção Novos Mercados - 3 Livros,0,159,5,Marcelo C. Piazza
138,Pare de viver na corda bamba,0,189,3,Carlos Alberto Debastiani
139,"Adeus, Aposentadoria!",0,36,2,"Cerbasi,Gustavo"
140,FIQUE RICO OPERANDO OPCOES,0,30,1,"LOWELL, LEE"
141,O Guia Do Pai Rico - Independência Financeira - O Guia Para,1,48.51,43,"Kiyosaki,Robert T."
142,Seja Foda / O Poder do Agora / O Poder do Silêncio / A Sutil Arte De Ligar O Foda-se / Os Segredos da Mente Milionária / Do Mil Ao Milhão,0,58.9,23,Caio Carneiro / Eckhart Tolle / Mark Manson / T. Harv Eker / Thiago Nigro
143,"Investidor Inteligente, O - Harpercollins",1,259,2,O GUIA CLASSICO PARA GANHAR DINHEIRO NA BOLSA
144,Faça Fortuna Com Açoes / Do Mil ao Milhão / Os segredos da mente milionária / O homem mais rico da Babilônia,0,59.9,9,Decio Bazin e outros
145,Faça Fortuna Com Açoes / O Investidor Inteligente / Os axiomas de Zurique,0,195,3,Decio Bazin e outros
146,Faça Fortuna Com Açoes / Guia Suno Dividendos / Os Axiomas de Zurique,0,188,1,Decio Bazin e outros
147,O Investidor Inteligente / Trabalhe 4 Horas por Semana / Quem Pensa Enriquece o Legado,0,185,2,"Fuja da Rotina, Viva Onde Quiser e Fique Rico"
148,Pai Rico Pai Pobre - Edição 20 Anos Atualizada e Ampliada,1,149,12,Robert T. Kiyosaki
149,Os Axiomas de Zurique / O investidor Inteligente,1,149,2,Os Axiomas de Zurique / O investidor Inteligente
150,O Investidor Inteligente / Dinheiro é Emocional,1,129,3,Saúde Emocional Para Ter Paz Financeira
151,O Investidor Inteligente,1,101.1,4,Benjamin Graham
152,O Guia Do Pai Rico Empreendedor Rico 10 Lições Práticas Para Ter Sucesso No Seu Próprio Negócio,0,107,7,Robert Kiyosaki
153,Pai Rico Pai Pobre Nova Edição Atualizada E Ampliada,0,68,1,Robert T. Kiyoosaki - Sharon L. Lechter
154,Pai Rico Pai Pobre Os Segredos Da  E  A Lei Do Triunfo,0,73,15,Robert Kiyosaki com John Fleming e Kim Kiyosaki
155,Pai Rico Pai Pobre Os Segredos Da  E  O Negócio Do Século,0,179,1,Robert Kiyosaki com John Fleming e Kim Kiyosaki
156,Os Segredos Da Mente Milionária,1,139,16,"Eker,T. Harv"
157,Fundos de Investimento Imobiliário,1,45.99,12,Roni Antônio Mendes
158,Ganhando Dinheiro com Opções,1,64,7,Elvis Pfützenreuter
159,Mesada não é só dinheiro,1,38,2,Reinado Domingos
160,"Avaliando Empresas, Investindo Em Acoes",1,45.99,4,Carlos Alberto Debastiani e Felipe Augusto Russo
161,Fique Rico Operando Opções,0,49,7,Estratégias vencedoras dos Traders profissionais
162,Pai Rico Pai Pobre - Desperte O Milionário Que Há Em Você  - Basta Pensar Diferente,0,168,3,Robert Kiyosaki com John Fleming e Kim Kiyosaki
163,Casais Inteligentes Enriquecem Juntos - Finanças,1,155,7,"Cerbasi,Gustavo"
164,Filho Rico Filho Vencedor - Como Preparar Seu Filho Para Ganhar Dinheiro,1,39.99,5,Robert Kiyosaki
165,O que podemos aprender com os gansos 1,0,118.49,2,"Rangel, Alexandre"
166,Quebra tudo!,0,31.2,9,"Magalhães, Ricardo Jordão"
167,"Opções,Futuros E Outros Derivativos",0,17.6,5,"Hull,John C."
168,Investindo Em Ações No Longo Prazo,1,162.84,1,O Guia Indispensável do Investidor do Mercado Financeiro
169,MATEMATICA FINANCEIRA E SUAS APLICACOES - 14ª ED,1,107.25,11,"ASSAF NETO, ALEXANDRE"
170,Arriscando A Própria Pele - Assimetrias Ocultas No Cotidian,0,133.11,3,"Taleb, Nassim Nicholas; Brett, Renato"
171,Candlestick Um Método Para Ampliar Lucros Na Bolsa De Valore,1,48.9,46,Carlos Alberto Debastiani
172,Análise Para Administração Financeira,1,39,72,"Higgins,Robert C."
173,EU VOU TE ENSINAR A SER RICO,0,90,2,EU VOU TE ENSINAR A SER RICO
174,Guia Suno De Contabilidade Para Investidores - Cla,0,31.9,15,CONCEITOS CONTABEIS FUNDAMENTAIS PARA QUEM INVESTE NA BOLSA
175,Manual de Análise Técnica - Essência e Estratégias Avançadas,1,32,2,"ABE, MARCOS"
176,Avaliação De Empresas,0,50,16,"Damodaran,Aswath"
177,Operando Na Bolsa De Valores - Novatec,1,223.2,3,UTILIZANDO ANALISE TECNICA
178,"PAI RICO, PAI POBRE PARA JOVENS",0,47.2,12,"PAI RICO, PAI POBRE PARA JOVENS"
179,Sociedade Da Fortuna,0,40.6,23,Sociedade Da Fortuna
180,Princípios De Finanças Corporativas,1,23.5,2,"Brealey,Richard; Myers,Stewart; Allen,Franklin"
181,Princípios De Administração Financeira,0,234.75,1,"Gitman,Lawrence J.; Zutter,Chad J."
182,Avaliação De Empresas  Valuation,1,229.6,1,Calculando e Gerenciando o Valor das Empresas
183,"JEITO WARREN BUFFETT DE INVESTIR, O - 2ª ED",1,174.64,3,"HAGSTROM, ROBERT G."
184,As Praticas Para A Prosperidades Extraídas De - O,1,43.12,10,"Clason,George S."
185,"RIQUEZA DA VIDA SIMPLES, A",0,28.9,7,"CERBASI, GUSTAVO"
186,Modelos Quantitativos Em Finanças,1,31.92,6,Com Enfoque em Commodities
187,Aprenda a Declarar Seu Imposto de Renda,1,102.6,1,Alexandre Martins
188,Seguros Matematica Atuarial E Financeira - Saraiva,0,48.9,1,UMA ABORDAGEM INTRODUTORIA
189,"Seu Primeiro Milhao, O - Academia",0,82.4,1,COMO FAZER O SEU DINHEIRO CRESCER
190,ADMINISTRAÇÃO FINANCEIRA: TEORIA E PRÁTICA,0,31.92,2,ADMINISTRAÇÃO FINANCEIRA: TEORIA E PRÁTICA
191,INVESTIMENTOS,1,185.9,1,INVESTIMENTOS
192,Kit 4 Livros Gustavo Cerbasi Paulo Vieira,0,193.4,2,Gustavo Cerbasi
193,Pai Rico Pai Pobre / O Investidor Inteligente,0,115.9,6,Pai Rico Pai Pobre / O Investidor Inteligente
194,O Negócio do Século XXI / Os Segredos da Mente Milionária,1,124,1,O Negócio do Século XXI / Os Segredos da Mente Milionária
195,Operando Na Bolsa De Valores Utilizando Analise Tecnica,1,99,1,"CORREIA, JOSEILTON DA SILVA"
196,O INVESTIDOR INTELIGENTE,1,50,24,O INVESTIDOR INTELIGENTE
197,Investindo no Mercado de Opções,0,55.3,9,"PFUTZENREUTER, ELVIS"
198,Analise Tecnica De Acoes - Novatec,1,44,9,IDENTIFICANDO OPORTUNIDADES DE COMPRA E VENDA
199,"NEGOCIO DO SECULO XXI, O - O GUIA DO PAI RICO",0,41.6,11,"NEGOCIO DO SECULO XXI, O - O GUIA DO PAI RICO"
200,A Fórmula Mágica de Joel Greenblatt para Bater o Mercado de Ações,0,35.2,4,A Fórmula Mágica de Joel Greenblatt para Bater o Mercado de Ações
201,A Fórmula Mágica de Joel Greenblatt para Bater o Mercado de Ações,0,44.49,1,A Fórmula Mágica de Joel Greenblatt para Bater o Mercado de Ações
202,A Fórmula Mágica de Joel Greenblatt para Bater o Mercado de Ações,0,44.49,1,A Fórmula Mágica de Joel Greenblatt para Bater o Mercado de Ações
203,VOCÊ E SEU DINHEIRO: MÉTODOS SIMPLES PARA NÃO FAZER TOLIC,0,44,1,VOCÊ E SEU DINHEIRO: MÉTODOS SIMPLES PARA NÃO FAZER TOLICES
204,Warren Buffett e a análise de balanços,1,28.6,1,Como identificar empresas com vantagem competitiva de longo prazo por meio de suas demonstrações financeiras
205,Warren Buffett e a análise de balanços,1,32.99,1,Como identificar empresas com vantagem competitiva de longo prazo por meio de suas demonstrações financeiras
206,Administração Financeira,1,32.99,1,"Ross,Stephen A.; Westerfield,Randolph W.; Jaffe,Jeffrey; Lamb,Roberto"
207,CURSO DE ADMINISTRACAO FINANCEIRA - 4ª ED,0,262.5,1,"ASSAF NETO, ALEXANDRE"
208,Fundamentos De Administração Financeira,0,229.6,2,"Ross,Stephen A.; Westerfield,Randolph W.; Jordan,Bradford D.; Lamb,Roberto"
209,"Opções,Futuros E Outros Derivativos",1,188.8,2,"Hull,John C."
210,Upgrade Milionário A Magia Fodeu Geral Comece pelo mais difícil,0,25,1,Brian Tracy Rhonda Byrne Mark Manson Fernando Trias de Vês Richard Parkes Cordock
211,Dinheiro - Os Segredos De Quem Tem - Sextante,0,134.4,2,COMO CONQUISTAR E MANTER SUA INDEPENDENCIA FINANCEIRA
212,Alocação De Ativos Em Private Banking,0,31.92,5,"Brito,Ney Roberto Ottoni De"
213,Os Segredos Dos Casais Inteligentes,0,31.92,27,"Cerbasi,Gustavo"
214,Finanças E Estratégias De Negócios Para Empreendedores,0,36.9,4,"Rogers,Steven"
215,puf formato de livro,0,44,4,puff
216,Dinheiro E Emocional - Vida,0,32.9,21,SAUDE EMOCIONAL PARA TER PAZ FINANCEIRA
217,FINANÇAS NO VAREJO GESTÃO OPERACIONAL,0,79.9,1,CLAUDIO FELISONI
218,Método Financeiro Do Primo Rico,0,26.32,45,Método Financeiro Do Primo Rico
219,Patrimônio X Liberdade,0,555,1,Estratégias de Preservação Patrimonial e Realização Pessoal para Famílias Bem-Sucedidas
220,Alocação De Ativos Em Private Banking,0,62,1,"Brito,Ney Roberto Ottoni De"
221,Avaliação De Empresas,1,56,6,Um Guia para Fusões & Aquisições e Private Equity
222,"Forex. Aprenda a Investir de Maneira Responsável, Como Um Profissional",1,71.5,1,Alexandre Ragozzino Costa Fontes & Antonio Ruiz Molina Montiel Jr
223,Matematica Financeira E Comercial Para Leigos - Alta Books,1,94.4,1,Luis Roberto Antonik
224,A Fórmula Mágica de Joel Greenblatt para Bater o Mercado de Ações,0,31.2,1,A Fórmula Mágica de Joel Greenblatt para Bater o Mercado de Ações
225,Método Financeiro Do Primo Rico,0,49.9,1,"PEREIRA, JOSE MATIAS"
226,Contabilidade Para Concursos e Exame De Suficiência,0,42.27,4,INVESTINDO EM AÇÕES NO LONGO PRAZO: O GUIA INDISPENSÁVEL DO INVESTIDOR DO MERCADO FINANCEIRO
227,Oliver Arcanjo,0,49.9,1,Daniel Cavalcante Silva
228,"Toque De Midas, O - Alta Books",0,40,2,Ernesto Costa Santos
229,Revolução Orçamentária - O Avanço Do Orçamento Base Ze,0,212.38,1,Patricia Lages
230,Finanças Pessoais - O Que Fazer Com O Meu Dinheiro,1,231,2,DINHEIRO: OS SEGREDOS DE QUEM TEM
231,"MATEMÁTICA FINANCEIRA APLICADA: MÉTODO ALGÉBRICO, HP-12C",0,49.9,2,Ramiro Becker
232,Guia Prático de Uso do AHP em Decisões de Ti,0,31.9,3,Alexandre Guasti
233,Modelos Quantitativos Em Finanças,1,31.9,87,"Ross,Stephen A.; Westerfield,Randolph W.; Jaffe,Jeffrey; Lamb,Roberto"
234,Patrimônio X Liberdade,0,46,2,"Brito,Ney Roberto Ottoni De"
235,Administração Financeira,0,58,1,Um Guia para Fusões & Aquisições e Private Equity
236,Avaliação De Empresas,0,111.15,1,"Gitman,Lawrence J.; Zutter,Chad J."
237,Engenharia Econômica,1,71.5,1,"Ross,Stephen A.; Westerfield,Randolph W.; Jordan,Bradford D.; Lamb,Roberto"
238,Finanças E Estratégias De Negócios Para Empreendedores,0,94.4,1,"Higgins,Robert C."
239,Avaliação De Empresas,0,212.38,1,"Samanez, Carlos Patrício"
240,Finanças E Estratégias De Negócios Para Empreendedores,0,231,2,"Eiteman,David K.; Stonehill,Arthur I.; Moffett,Michael H."
241,Fundamentos De Finanças Empresariais,0,189.06,1,"Cornett,M.; Adair,T.; Nofsinger,J."
242,Fundamentos De Finanças Empresariais,0,97.5,4,"Cornett,M.; Adair,T.; Nofsinger,J."
243,100 Dúvidas De Carreira Para Executivos De Finanças,0,12,6,ASPECTOS JURIDICOS E ESTRATEGICOS
244,Administração Financeira,0,90,2,Amador Paes de Almeida
245,Fogo E Sangue - Vol 1 - Suma,0,59.92,2,Henry Kissinger
246,Liv Imp Diplomacia,0,57.6,2,"NIGRO, THIAGO e Gustavo Cerbasi"
247,Dobre Seus Lucros,1,138,1,Como grandes líderes inspiram ação
248,DO MIL AO MILHAO / Casais Inteligentes Enriquecem Juntos,0,189.06,4,Aprenda a enriquecer mudando seus conceitos sobre o dinheiro e adotando os hábitos das pessoas bem-sucedidas
249,Os Segredos Da Mente Milionária / O Investidor Inteligente,0,53.51,1,Sem Cortar o Cafézinho
250,Engenharia Econômica,1,63.67,2,Leonardo Peracini
251,Financas Empresariais Estrategicas - Manole,0,146.9,8,Admir Borges
252,DO MIL AO MILHAO / Casais Inteligentes Enriquecem Juntos,0,91.9,3,Gustavo Cerbasi e  Napoleon Hill
253,O Investidor Inteligente / Mais Esperto que o Diabo,0,45.99,1,10 passos para nunca mais faltar dinheiro no seu bolso
254,Me Poupe / O Investidor Inteligente,1,19.9,2,"Cerbasi,Gustavo"
255,COMO SER UM MILIONÁRIO AO EXTREMO,0,50.9,2,INVESTINDO EM AÇÕES NO LONGO PRAZO: O GUIA INDISPENSÁVEL DO INVESTIDOR DO MERCADO FINANCEIRO
256,OS SEGREDOS DA MENTE MILIONÁRIA,0,51,1,GOVERNANCA CORPORATIVA DE BANCOS E A CRISE FINANCEIRA MUNDIAL
257,PREVIDÊNCIA PARTICULAR - A NOVA APOSENTADORIA,0,47.3,3,Habitos De Doar E Captar Recursos No Brasil
258,Habitos De Doar E Captar Recursos No Brasil,0,26.6,87,ORCAMENTO PUBLICO - 16 ED
259,EM BUSCA DO VALOR: O GUIA DE EVA PARA ESTRATEGISTAS,0,31.9,1,"NIGRO, THIAGO e Gustavo Cerbasi"
260,O Investidor de Bom Senso / O Investidor Inteligente,1,40,10,"Fuja da Rotina, Viva Onde Quiser e Fique Rico"
261,Método Financeiro Do Primo Rico,0,53.9,1,Método Financeiro Do Primo Rico
262,Decisões Financeiras Em Condições De Risco:,0,21.9,2,Wharton School e outros
263,PRINCÍPIOS DE ADMINISTRAÇÃO FINANCEIRA,0,8.5,1,"Alexandre Versignassi, Peter Bernstein"
264,os juros subversivos,0,8.5,2,Roberto Assef
265,Medindo E Gerenciando Riscos Operacionais,1,18,1,MICHAEL E PORTER
266,Matemática Comercial e Financeira,1,35,2,Robert W. Johnson
267,Macroeconomia Estatica E Dinanica Fernando T.r. Do Val,1,39.99,1,ELCIO ANIBAL DE LUCCA
268,Finanças Públicas - Teoria e Prática,0,8.5,1,Universidade Corporativa Banco do Brasil
269,Adminitração Financeira,0,21.9,1,Stickney e Weil
270,os  invasores de corpos,0,30,1,Leandro Konder
271,Da Imagem,0,49.99,21,A VIDA E AS AVENTURAS DE NICHOLAS NICKLEBY
272,Do Título,0,19.98,390,A SAGA DO BRUXO GERALT DE RIVIA
273,O CONDE DE MONTE-CRISTO,0,19.98,103,J R R Tolkien
274,A Vida E As Aventuras De Nicholas Nickleby,0,98.67,533,FORREST GUMP
275,"Sangue Dos Elfos, O - The Witcher - Capa Game - Livro 3 - Wm",0,26.1,1,FLORES PARA ALGERNON
276,"Hobbit, O - Harpercollins",0,59.9,1,A PARÁBOLA DO SEMEADOR
277,FORREST GUMP,1,48.9,15,COUNT ZERO
278,FLORES PARA ALGERNON,0,162.84,5,Diana Gabaldon
279,A PARÁBOLA DO SEMEADOR,0,215.97,1,Sarah J. Maas
280,Count Zero,0,47.2,2,John Scalzi
281,Outlander - Ecos Do Futuro - Livro 7 - Arqueiro,1,262.5,2,UMA PROFECIA QUE SE CUMPRE
282,Guerra Do Velho - Aleph,1,229.6,86,Ernest Cline
283,Cavaleiros Do Apocalipse - Aut Paranaense,0,231,70,Douglas Adams
284,Filhos De Sangue E Osso - Livro 1 - Fantastica Rocco,0,223.2,38,Do Título
285,Livro - Jogador N1 + Camiseta Tamanho G,0,74.41,63,Kaui Hart Hemmings
286,Doctor Who. Cidade da Morte,1,24.75,17,Tim Lebbom
287,Do Título,0,24.9,52,Dennis O'Neil
288,Bertrand Brasil,0,249.9,56,E.K. Johnston
289,Record,0,89.9,9,Rick Yancey
290,Os Descendentes,0,20,26,NÃO OLHE!
291,Alien Trilogia,1,33.7,16,Robert Galbraith
292,Star Wars - Art Comics,1,49.9,49,Português
293,Star Wars Ahsoka,1,49.9,88,PETER S. BEAGLE (ORGANIZAÇÃO NEIL GAIMAN)
294,A 5ª Onda 02 - O Mar Infinito - A 5 Onda,0,53.54,21,Luciano Milici
295,NÃO OLHE!,0,31.9,24,Cixin Liu
296,BRANCO LETAL,0,35.9,10,Eduardo Spohr
297,Star Wars - Estrelas Perdidas,1,39.9,17,C.S. Lewis
298,Criaturas estranhas - Histórias selecionadas por Neil Gaima,0,29.72,15,Sarah J. Maas
299,Diario De Um Exorcista - Generale,0,19.9,13,John Sack
300,O Fim da Morte,0,37.45,37,Zecharia Sitchin
301,A batalha do apocalipse,0,34.9,11,Mário de Andrade
302,Além Do Planeta Silencioso - 1º Livro Da Trilogia Cósmica,0,25.11,9,Kaui Hart Hemmings
303,Trono De Vidro 1 - Conheça A Assassina,0,56.9,5,Sarah J. Maas
304,A Conspiração Franciscana,0,22.49,5,John Green
305,O Livro Perdido de Enki,0,24.9,30,DUNA
306,MACUNAÍMA,0,17.9,4,Michael Klastorin
307,Os Descendentes,0,109,6,Robert W. Chambers
308,Coleção Trono De Vidro,0,41.45,17,Sarah J. Maas
309,Cidades De Papel,1,39.9,89,Guillermo Del Toro
310,DUNA,1,49.9,1,Philip Reeve
311,Back To The Future The Ultimate Visual History,1,78.89,2,Traci Chee
312,O Rei de Amarelo,0,129.9,2,Sarah J. Maas
313,"Coleção Trono De Vidro Exceto Volumes 1, 2 E 3",0,39.9,3,Rick Yancey
314,"Labirinto Do Fauno, O - Intrinseca",1,49.9,14,Isaac Asimov
315,Máquinas Mortais,1,74.9,6,Julio Verne
316,Trilogia Mar De Tinta E Ouro Volumes 1 e 2,1,29.9,19,Cassandra Clare
317,Coleção Trono De Vidro 6 Livros - Do Volume 1 ao volume 6,0,19.9,11,Chris Taylor
318,A 5ª Onda  Volumes 1 E 2 -  12 A 17 Anos - A Quinta Onda,0,53.54,2,George R. R. Martin
319,Despertar Dos Deuses,0,39.9,21,C.S. Lewis
320,Coleção Julio Verne,0,19.9,1,Brandon Sanderson
321,Os Artifícios Das Trevas 3 - Rainha Do Ar E Da Escuridão,0,36.45,1,Rick Yancey
322,Como Star Wars Conquistou O Universo,1,49.94,102,Ursula K. Le Guin
323,A Espada Juramentada - Hq - As Crônicas Do Gelo E Fogo,1,69.9,1,Sarah J. Maas
324,Trilogia Cósmica + A Torre Negra,1,49.9,11,Alex Ross e outros
325,Mistborn Nascidos Da Bruma 2 - O Poço Da Ascensão,0,37.19,7,Douglas Adams
326,A 5ª Onda 03 - A Última Estrela,0,109.9,2,J. K. Rouling
327,Os Despossuídos,0,49.45,11,C.S. Lewis
328,Trono De Vidro 3 - Herdeira Do Fogo,0,19.9,20,Fernanda Nia'
329,A Guerra Dos Tronos - Hq - As Crônicas Do Gelo E Fogo,1,89.9,13,Sarah J. Maas
330,O Salmão Da Dúvida,0,49.99,7,Julia Quinn
331,Harry Potter E A Câmara Secreta - Ilustrada Capa Dura,1,206.9,2,Colleen Houck
332,Trilogia Cósmica - C.s. Lewis,0,206.99,3,Chevy Stevens
333,Mensageira da Sorte,0,32,1,Antonio F. Costella
334,Coleção Trono De Vidro Do 1 Ao 6 + Torre do Alvorecer  = 7 Livros,0,103.89,6,Charles Brokaw
335,Os Mistérios de Sir Richard,0,179.9,3,Isaac Asimov
336,A Maldição do Tigre,0,40.9,2,Alyson Noel
337,É Melhor Não Saber,0,150,6,Italo Calvino
338,Patas Na Europa,0,135,10,Lev Tolstói
339,O Código de Atlântida,0,36.89,4,William Gibson
340,Civilizações Extraterrenas Isaac Asimov,1,75,1,Arthur C Clarke
341,CHAMA NEGRA - OS IMORTAIS,0,75,2,Arthur C. Clarke
342,Contos Fantásticos do Século XIX: o fantástico visionário e o fantástico cotidiano,0,38,3,Augusto Cury
343,A Morte de Ivan Ilitch,0,55,1,Günter Grass
344,Neuromancer,1,50,6,Alex Hirsch
345,O Fim da Infancia Arthur C Clarke,1,61,1,J J Benitez
346,O fim da infância,1,42,2,Juliano Righetto
347,Petrus Logus,0,32,1,Daniel Wallace
348,O Tambor,0,28,1,Orlando Paes Filho
349,O DIÁRIO PERDIDO DE GRAVITY FALLS,1,28,4,A SAGA DO BRUXO GERALT DE RIVIA
350,Operacao Cavalo De Troia 9 - Planeta,1,35,3,Stephen Koch
351,A Segunda Aurora,0,25,22,Inglês
352,"Codigo Do Cacador De Recompensa, O - Bertrand",0,15.9,1,Stephen hawking
353,Angus - O Primeiro Guerreiro - Novas Paginas,1,47,2,Português
354,O ponto de ruptura,0,32,20,John Shirley
355,Livro Breves Respostas Para Grandes Questões Stephen Hawking,0,28,5,"Lu, Marie"
356,Almanaque Jedi - Leya,0,130,1,"BRODY, JESSICA"
357,Halo - Broken Circle,0,73.9,2,"GUIN, URSULA K. LE."
358,INDECIFRAVEL - VOL. 2 SERIE INESQUECIVEL,0,39.99,6,Douglas Adams
359,Laranja Mecânica,1,38,1,George R. R. Martin
360,A Forma da Água,1,32,2,MATTLEW REILLY
361,Caçador em Fuga,0,20,1,"Machado, Ana Maria"
362,As Sereias de Titã,0,78,1,TIM DEDOPOLUS
363,A Máquina do Tempo - Edição Especial,1,24.6,2,"ASIMOV, ISAAC"
364,Atlantis,0,30,16,Alan Dean Foster
365,AREA 7,1,43.92,1,Caseen Gaines
366,"Audácia Dessa Mulher, A - 04Ed/19",0,41.82,1,Frank Herbert
367,Star Treek - o Lv Enigmas Spock,1,305,17,Morgan Kass
368,Trilogia da Fundação,1,42.27,2,(Org) Romeu Martins
369,Alien,1,118.69,1,"JOHNSON, MAUREEN"
370,De Volta Para o Futuro - Os Bastidores da Trilogia,1,47.92,1,Chris Colfer
371,Duna,1,30.6,1,"Montgomery, Lucy Maud"
372,The 100 + De Volta + Dia 21,1,31.9,6,"KENNEDY, ELLE"
373,Retrofuturismo,0,27.9,1,"Felippe, Romolu"
374,Cordialmente Cruel,0,20,8,"CADIGAN, PAT"
375,Mais Estranho Que uma Fanfic,0,150,1,"BOND, GWENDA"
376,Anne de Green Gables - 03Ed/18,0,42,1,"VONNEGUT, KURT"
377,The Case - A Busca de Summer e Fitz,0,101.9,53,"HALDEMAN, JOE"
378,"Farol e a Tempestade, O",1,94,2,"GIFFIN, EMILY"
379,Alita : Anjo de Combate,0,43.92,23,"Ribeiro, Fabiane"
380,Stranger Things - Raízes do Mal - Vol. 1,0,47.92,1,"Lewis, C. S."
381,"Sereias de Titã, As",0,57.9,3,"MELO, FABIO DE"
382,Guerra Sem Fim,1,37.6,1,"Mann, Thomas"
383,Tudo Que a Gente Sempre Quis,0,31.9,2,MATT KILLEEN
384,Deus Está ao Telefone - (Pocket),0,31.9,1,"BRAGA, ANA MARIA"
385,Aquela Fortaleza Medonha,0,71.92,1,ERIC PIERI
386,Orfandades - 03Ed/18,0,201,1,DIVERSOS
387,O Eleito,0,47.92,13,Alexandre Dumas
388,"Órfa, Monstra, Espiã",0,13.6,1,John Bunyan
389,À Espera dos Filhos da Luz - 02Ed/19,0,47.92,6,"Lewis, C. S."
390,O Guerreiro do Caminho Vermelho,1,47.9,1,"WEIR, ANDY"
391,Travessias Para a Liberdade,0,45,1,"Kawabata, Yasunari"
392,Box - Cássicos Light,0,32,2,"GRACEFFA, JOEY"
393,O Peregrino - 02Ed/17,0,19.9,11,"NEFFA, LUCIA"
394,Perelandra,0,19.9,1,FRANNY BILLINGSLEY
395,Artemis,0,15,13,"RICH, A.J."
396,O Mestre de Go,0,66,1,Joe Hill
397,Crianças do Eden - Vol. 01,0,150,5,"ROBERTS, NORA"
398,Milagre em Passadouro,0,119,4,Editora Vale Das Letras
399,A Filha do Pântano,0,13,3,"LACHAC, VICTORIA"
400,A Mão Que Tem Alimenta,0,46,2,"GRISHAM, JOHN"
401,Tempo Estranho,0,25.9,1,GUILHERME GONTIJO FLORES
402,Ano Um,0,52.43,2,"JACOB, DIONISIO"
403,Criaturas Magicas Floresta Magica,1,52.99,1,"Dostoiévski, Fiódor"
404,Alma Guerreira,1,35.6,19,"SOUZA, EDSON E BORBA, JOAO"
405,História de Joia,1,18,4,E.K. Johnston
406,"Espada e o Novelo, A - 02Ed/17",0,88,2,Stephen J. Sansweet & Anne Neumann
407,Crime e Castigo - Vermelho,0,42,1,Kaui Hart Hemmings
408,Arco de Fogo,0,48,22,Peter David
409,Um Amor em Movimento,0,54,1,Glen Weldon
410,Star Wars Ahsoka,0,28,2,J. K. Rouling
411,Depois da Terra,1,15,16,James Cameron Wisher Frake
412,"Cruzada Mascarada, A - Pixel",1,379.9,1,Saladin Ahmed
413,Harry Potter e o Prisioneiro De Azkaban - Ilustrado - Capa Dura,1,17,8,Greg Rucka
414,Trilogia Cósmica + A Torre Negra,0,52.9,1,vide descrição
415,The Wise Man's Fear: The Kingkiller Chronicle: Day Two,0,300,17,James Islington
416,Canto Bight (Star Wars): The Last Jedi,0,189,3,Glen Weldon
417,Star Wars: From a Certain Point of View,1,17.9,5,C.S. Lewis
418,Harry Potter e o Prisioneiro De Azkaban - Ilustrado - Capa Dura,1,99,6,Greg Rucka
419,O exterminador do futuro limited edition,1,57,7,Cia das letras
420,Star Wars Guardians of the Whills,1,29,8,Sebastien de Castell
421,he Shadow of What Was Lost (The Licanius Trilogy),0,65,1,Mark Millar
422,Star Wars Rebel Rising,1,35.6,1,Hari Kunzru
423,Knight's Shadow (The Greatcoats),1,61,3,Arthur Matuck...
424,Wrath (The Faithful and the Fallen),0,42,11,Roman Jakobson e Krystyna Pomorska
425,Quando As Estrelas Caem - Novo Conceito,0,25,20,Michael Crichton
426,Batismo De Fogo - The Witcher - Livro 5 - Wmf Martins Fontes,0,24.9,17,E SE O SEU FUTURO FOSSE O PASSADO
427,"Quinta Estacao, A - Colecao Terra Partida- Vol 1 - Morro Bra",0,20,41,THE WITCHER A SAGA DO BRUXO GERALD DE RIVIA VOL UNICO
428,Dentes De Dragao - Arqueiro,0,60,3,VOLUME 4
429,"Espada Do Destino, A - The Witcher - Capa Game - Livro 2 - W",0,43.92,2,J R R Tolkien
430,"Maquina Do Tempo, A - Edicao Comentada - Zahar",0,50,28,XENOGENESE
431,Vikings Berserker - Draco,0,100,1,Stefan Petrucha
432,Xenogenese - Despertar - Vol 1 - Morro Branco,0,10,1,PARAISO PERDIDO
433,"Ilha Do Doutor Moreau, A - Edipro",0,25,1,Felipe Castilho
434,"Guia Oficial De House, O - Best Seller",0,50.32,5,Raphaëlle Giordano
435,Alertas Para Um Et Que Na Terra Ousar Pousar - Aut Paranaens,0,31.92,13,O SEGREDO DE DRULL
436,Assassins Creed - No Interior Do Animus - Pixel,0,143.92,21,Frank Herbert
437,Tropas Estelares - Aleph,1,34.9,38,FILMES GAMES E OS PRINCIPAIS ICONES DA CULTURA POP DOS ANOS 1980 INSPIRADO NO LIVRO JOGADOR N 1 DE ENERST CLINE
438,Princess Vs Witch - Autores,0,54.9,5,Meg Cabot
439,"Era Dos Mortos, A - Livro Seis - Faro",1,34.32,3,CRONICAS DOS MORTOS - PARTE I
440,CALAMIDADE: LIVRO III DA SÉRIE EXECUTORES,0,119.92,1,Do Título
441,Harry Potter E A Pedra Filosofal -edição Ilustrada Capa Dura,1,43.92,2,Do Título
442,"Senhora Do Lago, A - The Witcher - Livro 7 - Wmf Martins Fon",1,32.9,7,Português
443,A ilha dos dissidentes,0,23.9,2,Da Imagem
444,Star Wars. Sombras do Império,1,49.9,7,Nicola Bardola
445,Até Mais E Obrigado Pelos Peixes Vol. 4,0,30,5,VINTE ANOS DEPOIS: EDIÇÃO COMENTADA E ILUSTRADA (CLÁSSICOS ZAHAR)
446,William Shakespeare's,0,30,3,Da Imagem
447,Desafío,0,36.8,1,George Lucas
448,Do Título,0,43.92,1,STAR WARS: O ARQUIVO REBELDE
449,Do Título,0,43.92,1,"Salvador Nogueira , Susana Alexandria"
450,Star Wars a trilogia edição especial,1,59.92,1,Julio Verne Jules
451,Do Título,0,47.92,1,Phil Szostak
452,Jornada Nas Estrelas - O Guia Definitivo Da Saga,1,43.92,2,E.K. Johnston
453,Cordialmente Cruel,0,50.32,1,F. D. Verasztto
454,Livro E Estatueta Yoda,0,39.92,1,Do Título
455,O Segredo das Fadas Livro 1 pla coração do Brasil,0,39.92,1,Chris Taylor
456,Do Título,0,31.92,1,COLLEEN HOUCK
457,AS AVENTURAS DE UM GAROTO DE PROGRAMA,0,47.92,1,LAURELIN PAIGE
458,O Fundo do Céu,0,39.92,4,Margaret Atwood
459,"Audácia Dessa Mulher, A - 04Ed/19",1,43.92,1,James Luceno
460,O Caminho Louco - Guerras do Tarot vol. 1,0,31.12,1,Do Título
461,o mundo do exterminador,1,43.92,2,Tom Angleberger
462,De Volta do Subconsciente,0,39.92,18,Roberto de Sousa Causo
463,Pathfinder Roleplaying Game,0,43.92,1,Trevor Baxendale
464,O mapa dos Ossos,0,47.92,2,Isaac Asimov
465,Do Título,0,39.92,12,James Dashner
466,Maze Runner - Prova De Fogo,1,34.9,2,Do Título
467,LUA NOVA,0,50,17,Do Título
468,os  invasores de corpos,0,25,1,Do Título
469,Do Título,0,135,2,Arthur Conan Doyle e Jules Verne
470,Da Imagem,0,44,1,Da Imagem
471,Do Título,0,78,6,Do Título
472,Respiração Artificial - Ricardo Piglia,0,31.9,1,Julia Quinn
473,MACUNAÍMA,1,32.9,1,Colleen Houck
474,O Fim da Infancia Arthur C Clarke,1,50,3,Doris Lessing
475,O Tambor,1,37.9,1,Smith
476,O BERÇO DOS SUPER-HUMANOS,0,60,1,james frey e nils johnson shelton
477,endgame a chave do ceu - o chamado,0,39,22,Julio Verne
478,Moby Dick,1,230.9,1,DAY
479,O Mundo Virtual - Os Seis Reinos E A Roda Da Vida,1,64.9,3,DAY
480,A Volta Ao Mundo Em 80 Dias,1,125,1,Alphonse Daudet
481,NOVE AMANHÂS,0,30,3,Dan Brown
482,Os Amantes do Ano 3050,0,54.89,1,Philip José Farmer
483,Cidade Submarina,1,90,1,Charlaine Harris
484,"Outros Tempos, Outros Mundos",1,78,1,Asimov
485,Isaac Asimov - Foundation's Edge,1,68,1,"Coleção Argonauta Nº 55, Os Frutos Dourados Do Sol- Ano 1960"
486,Hócus Pocus,0,89,2,Les Martin
487,Clube dos Vampiros,1,30.98,2,Stephenie Meyer
488,Hócus Pocus,0,32,1,L. P. Hartley
489,Veronka Decide Morir Paulo Coelho em Espanhol,0,24,1,Ziraldo
490,Vito Grandam 2ª Edição 1987,0,28,1,Stephenie Meyer
491,ASTRONAUTA ROGER - DIARIO DE BORDO,1,42.6,2,Oliver Bowden
492,Crepúsculo,0,43.92,1,Irving Wallace
493,PIRATAS DE DADOS,1,35.92,1,MONALISA OVERDRIVE
494,Star Wars: A Missão Do Contrabandista,1,50.9,1,Do Título
495,As Meninas - Lygia Fagundes Telles,0,379.9,1,Ray Bradbury
496,Fahrenheit 451,1,52,1,Assis Brasil
497,A Hora dos Ruminantes,0,24,1,Dan Brown
498,FORTALEZA DIGITAL,0,46.5,13,David West Reynolds
499,The Man With The Iron Heart,0,69,2,Don Quijote De La Mancha -cervantes- Real Academia-espanhol
500,Warhammer 40K 30K Age of Sigmar Dungeons & Dragons Zombicide Pathfinder Star Wars DnD D&D RPG Tabletop Wargaming Diorama Terreno Cenário,0,49.9,2,J. K. Rouling
501,Do Título,0,19.9,1,C.S. Lewis
502,As Aventuras De Tom Sawyer,0,15,2,Philip K. Dick
503,A Hospedeira Stephenie Meyer,0,10,1,Ross Mac Donald
504,O Cálculo Com Geometria Analítica Volume  1 E 2,0,25,1,Andreia F. de Souza - Ivete Raffa - Silvia da Silva F. Souza
505,Kit Livros - Concreto Armado - Eu te Amo - Vol. 1 e 2,0,30,2,Stephen Hawking
506,Livro Uma Breve História Tempo Stephen Hawking,1,20,1,TILIBRA
507,Fundamentos De Química Forense: Uma Análise Prática Da Química Que Soluciona Crimes,0,30,1,Luca Bertolini
508,Curso Básico De Mecânica Dos Solos: Com Exercícios Resolvidos,0,35,17,Carlos Manoel Nieble
509,Backlight de TV LED e Redução de Corrente,1,250,1,Luis Carlos Burgos
510,INSPEÇÃO DO TRABALHO,0,44,2,"ARANHA, ÁLVARO ZIMMERMANN / RODRIGUES, MANOEL BENEDITO"
511,Procurando Defeitos no Sinal de TVs LCD e LED,0,17.5,1,LEONARD MLODINOW
512,Trabalhando Com Componentes Smd,1,42,6,Stephen Hawking
513,MOTORES DE COMBUSTAO INTERNA - VOLUME 2,1,155,1,Shin Takahashi
514,Mecânica vetorial para engenheiros (Cinemática e Dinâmica),0,32.9,1,Tetsuya Ishida
515,"CONTABILIDADE EMPRESARIAL - INSTRUMENTOS DE ANALISE, GERENCIA E DECISAO - 18ª ED",0,25,3,Detecção dos Campos Magnéticos Pelos Seres Vivos
516,MAQUINAS ELETRICAS E ACIONAMENTOS,0,21.8,1,Introdução À Relatividade
517,Teoria Eletromagnética - Parte Clássica,1,17,2,"Banov,Marcia Regina"
518,PRINCIPIOS DE REFRIGERAÇAO E AR CONDICIONADO,0,150,89,"OLIVEIRA,"
519,Recrutamento E Selecao Com Foco Na Transformacao Digital,0,500,8,SBM
520,"COLECAO FISICA 3 - ELETROMAGNETISMO, TEORIA E PROBLEMAS RESOLVIDOS",1,22,12,"EINSTEIN, ALBERT"
521,OPERACAO DE CALDEIRAS - 2ª ED,0,22.8,205,SCHWARZA
522,Eletrônica Básica,0,25,155,"TOMA, HENRIQUE EISI"
523,Dominados Pelos Números,0,50,171,"Langhi, Rodolfo"
524,LASERS - NOTAS DE AULA,1,58.9,29,"CATTANI, M"
525,Instrumentacao Industrial,0,64.69,7,"MENDES, IRAN ABREU"
526,SUPERNOVAS & COSMOLOGIA - 2ª ED,1,75,6,"IMPACTO SOCIAL DO PROGRAMA ESPACIAL BRASILEIRO, O"
527,Treinamento Em Quimica - Radioatividade,0,52.9,5,"WEBER, FRI"
528,DESENHO GEOMETRICO  - 3 ª ED,0,24.9,3,"Oliviera, Roberto Dalmo Varallo Lima De"
529,Formacao de Professores No Desenho de Disciplinas E Cursos,0,44,21,"TOMA, HENRIQUE E."
530,Geometria Diferencial Para Fisicos,0,113.9,169,Teoria da Relatividade Geral. Uma Introdução
531,MATEMATICA PARA VENCER - MATEMATICA BASICA COM A TEORIA,0,43.89,1,"SCORZELLI,"
532,ANALISE COMBINATORIA E PROBABILIDADE,0,134.09,4,Alexandre Capelli
533,ELETRONICA DIGITAL,1,48,1,"SANTOS, NELSON"
534,"FISICA MODERNA PARA INICIADOS, INTERESSADOS E AFICIONADOS - VOL. 1",1,105,1,"DORIA, MAU"
535,COLETANEA DE ARTIGOS INTERESSANTES DE MATEMÁTICA ELEMENTAR - MATEMATICA NUMA PERSPECTIVA CONCEITUAL,1,549.45,6,"SANCHES, D."
536,"TEORIA DA RELATIVIDADE ESPECIAL E GERAL, A",1,73.8,1,Luis Carlos Burgos e outro
537,ONDE ESTAREMOS EM 2200?,1,64.9,1,"HELENE,OTAVIANO"
538,ELEMENTOS QUIMICOS E SEUS COMPOSTOS - VOL 3,0,39.9,1,"HELENE, OTAVIANO"
539,Astronomia Na Educacao Infantil E Nos Anos Iniciais Do Ensino Fundamental - Relatos de Professores,1,119.94,1,"ENDLER, ANNA MARIA FREIRE"
540,OSCILADORES HARMONICOS - CLASSICOS E QUANTICOS,1,84,9,"Montenegro, Gildo"
541,"LOGARITMOS (NUMEROS DA RAZAO) - ENFOQUES HISTORICOS, EPISTEMOLOGICOS E ESCOLARES",0,23.9,6,Eduardo Alencar Ciarlini e Rodrigo Cerqueira Ciarlini
542,"IMPACTO SOCIAL DO PROGRAMA ESPACIAL BRASILEIRO, O",0,25.1,6,ENEM VESTIBULARES E CONCURSOS
543,INTRODUCAO A RELATIVIDADE GERAL E A FISICA DE ESTRELAS COMPACTAS,1,27.8,113,Degradação e Estabilização de Polímeros
544,Conteudos Cordiais - Quimica Humanizada Para Uma Escola Sem Mordaca,0,25.1,23,SBM
545,"ESTRUTURA ATOMICA, LIGACOES E ESTEREOQUIMICA - VOL. 1 - 2ª ED",1,19.8,16,Percursos de História da Química
546,Teoria da Relatividade Geral. Uma Introdução,1,58.49,7,Roberto Àvila
547,METEORITOS - COFRES DA NEBULOSA SOLAR,1,74,6,Fundamentos do Refino de Petróleo-Tecnologia e Economia
548,Sensores Industriais,1,179.9,12,"CARVALHO, BENJAMIN DE A."
549,70 PROBLEMAS CABULOSOS DE QUIMICA EM NIVEL IME - ITA,0,26.17,7,"SILVA, ANTONIO CARLOS DA"
550,Ondas E Bits,0,158.9,12,Instalações Hidráulicas Prediais Utilizando Tubos Plásticos
551,Interferencia Eletromagnetica,1,25.48,2,Empatia e História da Matemática
552,Coleção Eletrônica Básica,0,64.89,39,"NUSSENZVEIG, H. MOYSES"
553,UM POUCO DA FISICA DO COTIDIANO - VOLUME  -,0,59.48,12,Luis Carlos Burgos
554,FISICA E ESPORTES,1,243,5,ANTONIO MOLITERNO
555,INTRODUCAO A FISICA DE PARTICULAS,1,380.95,27,"CURI, ADILSON"
556,Inteligencia Visual E 3-D,1,179.54,6,Ricardo Oscar
557,Tópicos de medidas elétricas: Ensaios em transformadores de instrumentação,0,24.9,4,"Langhi, Rodolfo"
558,Degradação e Estabilização de Polímeros,0,59.1,26,FUNDAMENTOS DE FISICA - OPTICA E FISICA MODERNA - VOL. 4 - 10ª ED
559,COLETANEA DE ARTIGOS INTERESSANTES DE MATEMÁTICA ELEMENTAR - MATEMATICA NUMA PERSPECTIVA CONCEITUAL,0,62.95,6,Rafael Trovão
560,Percursos de História da Química,0,135.68,2,MICHIO KAKU
561,Combo TQM Fundamental + TQF (teoria e questões de física),0,75,2,O Que Houve de Errado? Casos de Desastres em Plantas de Processo e Como Eles Poderiam Ter Sido Evit.
562,Fundamentos do Refino de Petróleo-Tecnologia e Economia,0,96.89,2,JUCIMAR PE
563,DESENHO GEOMETRICO  - 3 ª ED,0,59.99,8,Baterias Recarregáveis - Introdução Aos Materiais e Cálculos
564,O PROCESSAMENTO CERAMICO SEM MISTERIO,0,35.27,1,"Gallagher,Lilian Massena"
565,Instalações Hidráulicas Prediais Utilizando Tubos Plásti,0,225,1,Transformações de Fase
566,Empatia e História da Matemática,0,103.89,5,Paulo Roberto dos Santos
567,CURSO DE FISICA BASICA - VOL. 4 - OTICA RELATIVIDADE  FISICA  QUANTICA - 2ª ED,1,94.89,7,Teoria de Campos e A Natureza. Parte Quântica
568,Nobreak,0,82.49,5,Robótica Industrial. Indústria 4.0
569,Caderno de Muro de Arrimo,0,59.49,8,Paulo Roberto dos Santos
570,MINAS A CEU ABERTO - PLANEJAMENTO DE LAVRAS,0,24.9,5,Conhecimentos Gerais de Aeronaves
571,Instrumentacao Industrial,0,150.95,1,Introdução Ao Magnetismo dos Materiais
572,Astronomia Na Educacao Infantil E Nos Anos Iniciais Do Ensino Fundamental - Relatos de Professores,1,126.39,17,Máquinas Térmicas de Fluxo-Cálculos Termodinâmicos e Estruturais
573,Contabilidade Para Igrejas,0,185.16,5,José Luiz Cavalcante
574,FUNDAMENTOS DA FISICA - OPTICA E FISICA MODERNA - VOL. 4 - 10ª ED,1,239.17,1,Paulo Roberto dos Santos
575,TQF - TEORIA E QUESTÕES DE FÍSICA 2° EDIÇÃO,0,128.14,18,Luis Carlos Burgos
576,"O futuro da mente - A busca científica para entender, aprim",0,95.12,14,"REBELLO, YOPANAN CONRADO PEREIRA"
577,O Que Houve de Errado? Casos de Desastres em Plantas de Proc,0,74.9,3,Fundamentos da Conformação Mecânica dos Metais
578,EXPERIMENTOS DE FISICA BASICA -  MECANICA,1,47.9,8,Enio silveira e Cláudio Marques
579,Baterias Recarregáveis - Introdução Aos Materiais e Cálc,0,79.13,4,Andreia F. de Souza
580,Exame de Certificacao Anbima Cpa-10 - Teoria - 4ª Ed.,0,60.94,3,Interferência Eletromagnética
581,Transformações de Fase,0,35,4,O ANDAR DO BÊBADO: COMO O ACASO DETERMINA NOSSAS VIDAS
582,Livros Glossário e Philps TVs LCD,0,21.98,11,Mecânica dos Pavimentos
583,Teoria de Campos e A Natureza. Parte Quântica,1,69.89,3,QUÍMICA GERAL: VOLUME 2
584,Robótica Industrial. Indústria 4.0,1,208.15,35,"O PONTO DE MUTAÇÃO: A CIÊNCIA, A SOCIEDADE E A CULTURA EMERGENTE."
585,Manutenção na Placa da Fonte de TVs LCd e LED,0,33,6,Luis Carlos Burgos
586,Conhecimentos Gerais de Aeronaves,1,49,58,"Montagens Industriais. Planejamento, Execução e Controle"
587,Introdução Ao Magnetismo dos Materiais,1,44.9,3,Organização da Produção em Confecção Têxtil
588,Máquinas Térmicas de Fluxo-Cálculos Termodinâmicos e Est,0,139.32,28,ENEM VESTIBULARES E CONCURSOS
589,Formação de Professores que Ensinam Matemática,0,65.1,20,Processos de Confiabilidade na Indústria de Óleo e Gás
590,Procurando Defeitos na Placa Main e Fontes de TVs LCD LED,1,68.89,4,FARMACOLOGIA ILUSTRADA
591,Arduino Descomplicado e Divertido,0,38,21,Avaliação de Imóveis - Método Involutivo Vertical
592,"FUNDACOES - GUIA PRATICO DE PROJETO, EXECUCAO E DIMENSIONAMENTO",0,34,2,Construções de Concreto. Concreto Protendido - Volume 5
593,Fundamentos da Conformação Mecânica dos Metais,0,33,652,Teoria de Campos e A Natureza. Parte Quântica
594,Matemática compreensão e prática caderno de atividades,0,27.3,3,Lubrificantes & Lubrificação Industrial
595,Matemática Primeiros Passos - Volume 1 9788533918481,0,24,5,Luis Carlos Burgos e outros
596,Interferência Eletromagnética,1,28,2,"Materiais-Aplicações de Engenharia, Seleção e Integridade"
597,O ANDAR DO BÊBADO: COMO O ACASO DETERMINA NOSSAS VIDAS,1,134.89,3,Análise de Circuitos em Corrente Alternada Para Sistemas de Potência
598,Mecânica dos Pavimentos,0,74.9,4,Oscar Guelli
599,QUÍMICA GERAL: VOLUME 2,1,42.4,7,Fundamentos do Refino de Petróleo-Tecnologia e Economia
600,"O PONTO DE MUTAÇÃO: A CIÊNCIA, A SOCIEDADE E A CULTURA EM",0,75.9,11,Introdução À Engenharia Química
601,Trabalhando com Componentes SMD,0,44.9,2,Instalações Hidráulicas Prediais Utilizando Tubos Plásticos
602,"Montagens Industriais. Planejamento, Execução e Controle",0,39.9,7,Técnicas de Caracterização de Polímeros
603,Organização da Produção em Confecção Têxtil,0,49.9,4,Alexandre Capelli
604,Minimanual De Matematica Financeira - Rideel,0,147.98,10,Fundamentos de Engenharia de Petróleo
605,Processos de Confiabilidade na Indústria de Óleo e Gás,0,29.18,1,Matemática Com Aplicações Tecnológicas. Vol. 2. Cálculo I
606,FARMACOLOGIA ILUSTRADA,0,109.9,16,Construções de Concreto-Princípios Básicos do Dimensionamento de Estruturas- Vol.1
607,Avaliação de Imóveis - Método Involutivo Vertical,0,88,16,Mecânica Analítica
608,Construções de Concreto. Concreto Protendido - Volume 5,0,169.16,5,Injeção de Termoplásticos.Produtividade Com Qualidade
609,Teoria de Campos e A Natureza. Parte Quântica,1,79.9,7,Mecânica dos Materiais Avançada
610,Lubrificantes & Lubrificação Industrial,0,175,5,Realismo e Localidade em Mecânica Quântica
611,Coleção Eletrônica Básica,0,129.32,2,"PINHEIRO, ANTONIO CARLOS DA FONSECA BRAGANCA"
612,"Materiais-Aplicações de Engenharia, Seleção e Integridad",0,49.9,19,Luis Carlos Burgos
613,Análise de Circuitos em Corrente Alternada Para Sistemas de,0,42,3,Matemática Com Aplicações Tecnológicas
614,Matemática Uma Aventura do Pensamento,,38,2,Fenômeno Térmico do Concreto
615,Fundamentos do Refino de Petróleo-Tecnologia e Economia,0,39.9,1,QUÍMICA GERAL: VOLUME 2
616,Introdução À Engenharia Química,0,23,4,Construções de Concreto-Vol.4
617,Instalações Hidráulicas Prediais Utilizando Tubos Plásti,0,24,4,Aditivação de Termoplásticos
618,Técnicas de Caracterização de Polímeros,0,81.9,11,Cálculo Tensorial
619,Instalações Elétricas e Residenciais e Comerciais,0,139.89,1,A ARTE DA ELETRÔNICA: CIRCUITOS ELETRÔNICOS E MICROELETRÔNICA
620,Fundamentos de Engenharia de Petróleo,0,59,20,A Sabedoria da Antiga Cosmologia
621,Matemática Com Aplicações Tecnológicas. Vol. 2. Cálculo,0,37.1,4,"Matemática Para Físicos Com Aplicações. Vetores, Tensores e Spinores - Volume 1"
622,Construções de Concreto-Princípios Básicos do Dimensiona,0,29,8,"Quatro Edifícios, Cinco Locais de Implantação, Vinte Soluções de Fundações"
623,Mecânica Analítica,0,98,4,Eletrotécnica Ao Alcance de Todos
624,Injeção de Termoplásticos.Produtividade Com Qualidade,0,95,8,O Universo-Teorias Sobre Sua Origem e Evolução
625,Mecânica dos Materiais Avançada,1,106,13,"Experimentos de Física Básica-Eletromagnetismo, Física Moderna & Ciências Espaciais"
626,Realismo e Localidade em Mecânica Quântica,0,98,4,Raciocínio Rápido. Como Fazer Contas de Cabeça
627,"ESTRUTURAS METALICAS - CALCULOS, DETALHES, EXERCICIOS E PROJ",0,138.33,6,Análise Térmica de Materiais
628,Livros e DVD aula Eletrônica Básica,0,27.92,14,A Química e O Mundo. Livro 2 A Vida
629,Matemática Com Aplicações Tecnológicas,0,123.08,6,A Energia Eólica No Direito Ambiental Brasileiro
630,Fenômeno Térmico do Concreto,0,90.48,3,Conhecimentos Gerais de Aeronaves
631,QUÍMICA GERAL: VOLUME 2,0,84,3,Reologia e Reometria-Fundamentos Teóricos e Práticos
632,Construções de Concreto-Vol.4,0,79.56,25,ENGENHARIA DE SOFTWARE: UMA ABORDAGEM PROFISSIONAL
633,Aditivação de Termoplásticos,0,171.36,6,Álgebras de Clifford & Espinores
634,Cálculo Tensorial,1,25.2,12,Usinas Hidrelétricas. Diretrizes Básicas Para Proteção e Controle
635,A ARTE DA ELETRÔNICA: CIRCUITOS ELETRÔNICOS E MICROELETRÔ,1,18,3,"SILVA, VALDIR PIGNATTA"
636,A Sabedoria da Antiga Cosmologia,0,306.4,2,"TOKHEIM, ROGER"
637,"Matemática Para Físicos Com Aplicações. Vetores, Tensore",0,135.15,4,Celso Faustino Soto
638,"Quatro Edifícios, Cinco Locais de Implantação, Vinte Solu",0,104.3,2,Ética Para Engenheiros. Desafiando A Síndrome do Vaivém Challenger
639,Eletrotécnica Ao Alcance de Todos,0,238.32,4,Luis Carlos Burgos
640,O Universo-Teorias Sobre Sua Origem e Evolução,1,76.81,8,"GIACOMETTI, JOSE ALBERTO"
641,"Experimentos de Física Básica-Eletromagnetismo, Física Mo",1,55.92,15,Fundamentos de Engenharia de Petróleo
642,Raciocínio Rápido. Como Fazer Contas de Cabeça,0,232.9,3,Wu Hong Kwong
643,Análise Térmica de Materiais,1,49.28,5,UMA INTRODUCAO
644,A Química e O Mundo. Livro 2 A Vida,0,335.75,3,Avaliação de Aluguéis - Imóveis Urbanos
645,A Energia Eólica No Direito Ambiental Brasileiro,0,36,9,Alexandre Capelli
646,Conhecimentos Gerais de Aeronaves,0,29.92,21,O MISTÉRIO QUÂNTICO
647,Reologia e Reometria-Fundamentos Teóricos e Práticos,1,32.4,2,Aditivação de Termoplásticos
648,ENGENHARIA DE SOFTWARE: UMA ABORDAGEM PROFISSIONAL,0,30.03,3,"DAVIS , STEPHEN R."
649,Álgebras de Clifford & Espinores,0,25.2,4,"Notas de Física Matemática-Equações Diferenciais, Funções de Green e Distribuições"
650,Usinas Hidrelétricas. Diretrizes Básicas Para Proteção e,0,59.92,11,Pintura Anticorrosiva. Falhas e Alterações nos Revestimentos
651,PROJETO DE ESTRUTURAS DE CONCRETO EM SITUACAO DE INCENDIO - CONFORME ABNT NBR 15200:2012 - 2ª ED,0,145.6,2,Construções de Concreto-Princípios Básicos do Dimensionamento de Estruturas- Vol.1
652,FUNDAMENTOS DE ELETRONICA DIGITAL - SISTEMAS SEQUENCIAIS,1,39.92,99,Atmosferas Explosivas. Instalação de Equipamentos Elétricos em Áreas Classificadas
653,Aplicação de elementos hidráulicos: engenharia mecânica-máquinas hidráulicas 2ª ed,0,164.05,4,ELETRONICA PARA LEIGOS - 03 ED
654,Ética Para Engenheiros. Desafiando A Síndrome do Vaivém C,0,133.11,6,Tabelas de Termodinâmica
655,Livro e DVD aula Testando Componentes Eletrônicos,1,126.7,26,Tiago Pinto da Trindade / Outros
656,MECANICA CLASSICA - UMA ABORDAGEM PARA LICENCIATURA,0,221.76,13,Luis Carlos Burgos
657,Fundamentos de Engenharia de Petróleo,0,125.28,2,Análise de Circuitos em Corrente Alternada Para Sistemas de Potência
658,Introdução ao controle de processos químicos com Matlab - volume 2,0,35,4,Motores de Combustão Interna
659,Automacao Predial E Residencial - Ltc,0,126.15,6,Osvaldemar Marchetti
660,Avaliação de Aluguéis - Imóveis Urbanos,0,114.1,23,Paulo Roberto dos Santos
661,Mecatrônica para Iniciante,1,37.9,2,Perícias em Edificações. Teoria e Prática
662,O MISTÉRIO QUÂNTICO,0,26.91,4,Cálculo. Para Entender e Para Usar
663,Aditivação de Termoplásticos,0,123.67,20,Roberto Avila
664,COMECANDO A PROGRAMAR EM C++ PARA LEIGOS,0,104.3,8,UniqueBox
665,"Notas de Física Matemática-Equações Diferenciais, Funç",1,104.3,14,Richard Dawkins
666,Pintura Anticorrosiva. Falhas e Alterações nos Revestiment,0,299,1,Stephen Hawking
667,Construções de Concreto-Princípios Básicos do Dimensiona,0,311.04,3,Hiroyuki KOJIMA
668,Atmosferas Explosivas. Instalação de Equipamentos Elétric,0,32.4,1,Stephen Hawking
669,ELETRONICA PARA LEIGOS - 03 ED,0,98,2,Hiroyuki KOJIMA
670,Tabelas de Termodinâmica,0,27.92,9,Português
671,Compactação dos Solos,0,63,38,MENTALIDADES MATEMÁTICAS NA SALA DE AULA: ENSINO FUNDAMENTAL
672,Manutenção em Televisores LED Smart,0,199.58,2,"BOTELHO, MANOEL HENRIQUE CAMPOS"
673,Análise de Circuitos em Corrente Alternada Para Sistemas de,1,59.43,6,"LUIZ, ADIR"
674,Motores de Combustão Interna,1,58.65,5,Paulo Roberto dos Santos
675,Muros De Arrimo - Blucher,0,78.48,3,Paulo Roberto dos Santos
676,Manutenção em Fontes Chaveadas de TVs LCD e LED,0,33.84,1,Luis Carlos Burgos
677,Perícias em Edificações. Teoria e Prática,,34.56,1,CONCEITOS E APLICAÇÕES
678,Cálculo. Para Entender e Para Usar,0,335.75,1,METEOROLOGIA 50 CONCEITOS E FENOMENOS FUNDAMENTAIS EXPLICADOS DE FORMA CLARA E RAPIDA
679,TQM médio - Teoria e Questões,0,114.1,4,Mecânica dos Materiais Avançada
680,UniqueBox,0,128.16,6,DAVID EAGLEMAN
681,A Magia Da Realidade,0,59.92,1,Paulo Garbelotto
682,Breves Respostas Para Grandes Questões,1,211.92,7,Celso Faustino Soto
683,Guia Mangá de Calculo Diferencial e Integral,0,182.75,1,CALCULO 2 PARA LEIGOS
684,KIT 3 LIVRO Stephen Hawking,1,155.12,1,Adeel Javed
685,Alta Books,0,84,2,Carl Sagan
686,Guia Mangá de Calculo Diferencial e Integral,0,249.9,1,everaldo cesar da costa araujo
687,Kit - Misturas E Substâncias - Reações Químicas- Mini Lab,0,39.6,3,Paulo Roberto dos Santos
688,MENTALIDADES MATEMÁTICAS NA SALA DE AULA: ENSINO FUNDAMENTA,0,56,2,Stephen Hawking
689,INSTALACOES ELETRICAS RESIDENCIAIS BASICAS,0,39.6,2,Alexandre Bernardes Rosa e André Bernardes Rosa
690,"COLECAO FISICA 3 - ELETROMAGNETISMO, TEORIA E PROBLEMAS RESOLVIDOS",1,142.56,7,Erich Georg
691,Manutenção em TVs de Plasma,0,197.52,2,Albert Einstein
692,Procurando Defeitos no Sinal de TVs LCD e LED,0,78.4,1,Paulo Roberto dos Santos
693,Trabalho com Componentes SMD,1,133.11,2,Washington L.Lanfredi D.dos Santos
694,Energía solar fotovoltaica,1,57.6,2,Paulo Roberto dos Santos
695,METEOROLOGIA 50 CONCEITOS E FENOMENOS FUNDAMENTAIS EXPLICADO,0,134.64,7,Paulo Roberto dos Santos
696,Mecânica dos Materiais Avançada,1,80.64,2,STEPHEN HAWKING
697,Cérebro - Uma biografia,0,34.56,1,Enio silveira e Cláudio Marques
698,"Solventes Industriais Seleção, Formulação e Aplicação",0,70.56,2,Paulo Roberto dos Santos
699,ulica industrial: projetos e dimensionamento de circuitos hidraúlicos,0,97.44,8,Luis Carlos Burgos
700,CALCULO 2 PARA LEIGOS,0,98,1,Erich Georg
701,Criando Projetos Com Arduíno Para a Internet das Coisas,0,63.75,6,Wu Hong Kwong
702,Livro Cosmos,1,70.56,5,João Carlos Vieira Sampaio e Pedro Luiz Aparecido Malagutti
703,TROCADORES DE CALOR,0,222.48,1,Celso Faustino Soto
704,Utilizando o Osciloscópio nos circuitos de TVs LCD,0,232.9,1,ELETRONICA PARA LEIGOS - 03 ED
705,Breves Respostas Para Grandes Questoes - Intrinseca,0,105.12,3,Romeu Cardozo Rocha Filho
706,Manual do Instalador Hidráulico,0,56,2,Engenharia + Design. da Ideia Ao Produto
707,Programando PIC para Automação e Controle,1,171.36,1,Paulo Roberto dos Santos
708,Meus Últimos Anos : Os Escritos da Maturidade de um dos Maiores Gênios de Todos os Tempos,0,82.08,1,COMO MANEJAR O SOLO E AS PLANTAS NA AGRICULTURA?
709,Resolvendo os Defeitos com o Modo de Serviço LCD e LED,0,59.25,1,Paulo Roberto dos Santos
710,Conceitos Aplicados em Eletrônica,0,24.48,4,"FISCHER, ULRICH"
711,Atualização de Software TVs LCD,0,55,1,Massimo Banzi  / Michael Shiloh
712,Manutenção em TVs de Plasma,0,64.38,2,Silvério Visacro Filho
713,UNIVERSO NUMA CASCA DE NOZ,1,233.92,1,Enio Silveira e Cláudio Marques
714,Matemática compreensão e prática caderno de atividades,0,71.4,1,Mary Jane Sterling
715,Procurando Defeitos no Sinal LVDS de TVs LCD e LED,0,45.99,1,NEIL DE GRASSE TYSONEIL
716,Trabalhando com Componentes SMD,1,55.3,1,Hiroyuki KOJIMA
717,Peogramando o PIC,1,35,1,Joana Carla Soares Gonçalves
718,Controle digital de processos químicos com MATLAB e SIMULINK,1,22.62,3,Antonio Maximo & Beatriz Alvarenga
719,"Mágicas, matemática e outros mistérios",0,136.08,2,john a. fossa
720,Aplicação de elementos hidráulicos: engenharia mecânica-máquinas hidráulicas 2ª ed,0,45.5,1,Paulo Roberto dos Santos
721,ELETRONICA PARA LEIGOS - 03 ED,0,203.7,1,Hiroyuki KOJIMA
722,Cálculos Básicos da Química 4ª Edição,0,117.36,1,"O PONTO DE MUTAÇÃO: A CIÊNCIA, A SOCIEDADE E A CULTURA EMERGENTE."
723,Engenharia + Design. da Ideia Ao Produto,0,52.9,1,Tiago Pinto da Trindade / Outros
724,Macetes e Modificações em TVs LCD e LED,0,57.6,1,PALESTRAS DA BBC REITH LECTURES
725,COMO MANEJAR O SOLO E AS PLANTAS NA AGRICULTURA?,0,103.7,3,DAVID EAGLEMAN
726,Manutenção na Placa da Fonte de TVs LCd e LED,0,28.8,1,Enio Silveira e Cláudio Marques
727,MANUAL DE TECNOLOGIA METAL MECANICA,0,117.45,1,Enio Silveira e Cláudio Marques
728,Primeiros Passos Com o Arduíno  2ª Edição,0,70,8,Silvério Visacro Filho
729,Aterramentos Elétricos,0,59.5,1,SERIE APONTAMENTOS
730,Matemática 8 compreensão e prática caderno de atividades,0,50.4,1,Erich Georg
731,1001 PROBLEMAS DE ALGEBRA II PARA LEIGOS,0,13.99,7,"MOLITERNO, ANTONIO"
732,Astrofísica Para Apressados,0,24.5,4,"BERNARDO, LUIZ DI"
733,Triunfo,0,63.68,1,"PINHEIRO, ANTONIO CARLOS DA FONSECA BRAGANCA"
734,Guia Mangá de Calculo Diferencial e Integral,0,59.5,1,Stephen Hawking
735,Edifício Ambiental,0,81.75,4,"Subestações Projecto, Construção, Fiscalização (2ª Edição)"
736,Fisica- Contexto E Aplicações,1,210.96,1,Stephen Hawking
737,INTRODUCAO AS TECNICAS DE DEMONSTRACAO NA MATEMATICA,1,90.72,7,Livro Trabalhando Com Componentes Smd
738,Circuito de Proteção em TVs LCD e LED,0,198.36,8,Elon Lages Lima; Paulo Cezar Pinto Carvalho e Outros
739,Guia Mangá de Calculo Diferencial e Integral,0,167.45,652,CONCRETO ARMADO E PROTENDIDO
740,EDUEL,0,33.6,1,Stephen Hawking
741,"O PONTO DE MUTAÇÃO: A CIÊNCIA, A SOCIEDADE E A CULTURA EM",0,28.8,4,Luis Carlos Burgos e outros
742,Compactação dos Solos,0,52.5,2,Ned Mohan
743,Buracos Negros - Intrinseca,1,179.9,1,Paulo Roberto dos Santos
744,Cérebro - Uma biografia,0,29.92,5,Luiz Roberto Dante
745,Matemática compreensão e prática caderno de atividades,0,42.4,3,A Sabedoria da Antiga Cosmologia
746,Matemática 7 compreensão e prática caderno de atividades,0,79.31,1,Luis Carlos Burgos
747,Aterramentos Elétricos,0,66.75,2,NARDO TOLEDO MUNOZ
748,AÇOES DEVIDAS AO VENTO EM EDIFICAÇOES,0,70.72,2,"Canevarolo, Sebatião V."
749,Simulando e Aprendendo Eletrônica Digital V.02,1,290,1,Luis Carlos Burgos
750,CADERNO DE MUROS DE ARRIMO,0,50.4,2,ROMPENDO A BARREIRA DA CRENÇA CIENTIFICISTA
751,MÉTODOS E TÉCNICAS DE TRATAMENTO DE ÁGUA,0,72.8,5,Gelson Manzoni De Oliveira
752,"ESTRUTURAS METALICAS - CALCULOS, DETALHES, EXERCICIOS E PROJ",0,45.5,1,Rafael Trovão
753,Buracos Negros : Palestras da BBC Reith Lectures,1,36,32,João Carlos Vieira Sampaio e Pedro Luiz Aparecido Malagutti
754,"Subestações Projecto, Construção, Fiscalização (2ª Ed",0,21,1,Paulo Roberto dos Santos
755,Kit (2 Livros) A Teoria De Tudo + Breve Historia no Tempo,1,101.52,6,O Universo-Teorias Sobre Sua Origem e Evolução
756,Trabalhando Com Componentes Smd,1,66.5,1,Mounir Khalil El Debs
757,Temas e Problemas,0,128.16,1,"QUEIROGA, SANDRO LINO MOREIRA DE"
758,DESCONSTRUINDO O PROJETO ESTRUTURAL DE EDIFICIOS,0,136.8,1,Erich Georg
759,UMA BREVE HISTÓRIA DO TEMPO,1,64.9,2,"CARSON, RACHEL"
760,Coleção Eletrônica Básica,0,113.4,1,Luiz Bertini
761,Eletronica De Potencia - Curso Introdutorio - Ltc,0,18,2,Erich Georg
762,Livro Glossário Dos Defeitos Tvs Lcd E Led Ref 227,0,57.6,1,Paulo Roberto dos Santos
763,Matemática Contexto & Aplicações,0,126,5,A História da Luz
764,A Sabedoria da Antiga Cosmologia,1,56,7,Paulo Roberto dos Santos
765,Backlight de TV LED e Redução de Corrente,0,72.8,4,Masayuki Morimoto
766,Cálculo De Enrolamentos De Máquinas Elétricas,0,113.56,2,Paulo Roberto dos Santos
767,"Técnicas de Caracterização de Polímeros, 2007",0,85.26,1,"GARCEZ, LUCAS NOGUEIRA"
768,Livro manutenção em televisores LED SMART-Volume1,0,45.5,1,"NABAIS, RUI JOSE DA SILVA"
769,COSMOS E TRANSCENDÊNCIA,1,187.5,9,Anderson Rodrigo da Silva
770,Livro - Simetria de Moléculas e Cristais: Fundamentos da Espectroscopia Vibracional,0,38.42,7,"FRIAÇA, AMANCIO C.S."
771,Física para EEAR,0,66.5,2,Matemática Com Aplicações Tecnológicas. Vol. 2. Cálculo I
772,"Mágicas, matemática e outros mistérios",0,84.7,1,"LIVRO DA CIENCIA, O - 2ª ED"
773,Manutenção em Fontes Chaveadas,0,115.2,3,Os Melhores Textos de Richard P. Feynman
774,O Universo-Teorias Sobre Sua Origem e Evolução,1,68.8,1,STEPHEN HAWKING
775,Concreto Pré-Moldado: Fundamentos E Aplicações,0,32.4,1,"TEIXEIRA, BARBARA DE HOLANDA MAIA"
776,PRINCIPIOS DE REFRIGERAÇAO E AR CONDICIONADO,0,48.96,1,Paulo Roberto dos Santos
777,Introdução a Programação CLP.Vol.02,0,164.5,23,"BERNARDO, LUIZ DI"
778,PRIMAVERA SILENCIOSA,0,50,1,Wilson Batista de Melo
779,CFTV Digital,0,44.25,2,Luis Carlos Burgos
780,Programação de Microcontroladores PIC,0,70.56,6,"SCLAR, DEANNA"
781,Procurando Defeitos no Sinal LVDS de TVs LCD e LED,0,108.75,3,"COMO OS BURACOS NEGROS INFLUENCIAM GALÁXIAS, ESTRELAS E A VIDA NO UNIVERSO"
782,A História da Luz,0,60.75,1,"ENSAIOS FILOSÓFICOS, 1970-1993, COM UMA ENTREVISTA AUTOBIOGRÁFICA"
783,Modos de Serviço de TVs LCD e LED,0,299,6,Erich Georg
784,Guia Mangá Motores Elétricos,0,43.92,1,"ARDUINO, ELETRONICA, ROBOTICA, AUTOMAÇAO RESIDENCIAL"
785,Placa T-Con LCD,0,93,3,"TICIANELLI, EDSON A."
786,HIDROLOGIA,0,60.48,1,"MUNROE, RANDALL"
787,MANUAL BASICO DE ENGENHARIA FERROVIARIA,0,84,2,Vinicius Rabello de Abreu Lima
788,Métodos de Análise Multivariada em R,0,53.9,1,Usinas Hidrelétricas. Diretrizes Básicas Para Proteção e Controle
789,ASTRONOMIA - UMA VISAO GERAL DO UNIVERSO,1,68.4,23,"VOL. 1 - LIMITES, DERIVADAS E APLICAÇOES"
790,Matemática Com Aplicações Tecnológicas. Vol. 2. Cálculo,0,114,8,Paulo Roberto Santos
791,"LIVRO DA CIENCIA, O - 2ª ED",1,30.24,2,"FUNDAMENTOS, PERSPECTIVAS E APLICAÇÕES"
792,Os Melhores Textos de Richard P. Feynman,1,328.68,8,"ATKINS, PETER"
793,UNIVERSO NUMA CASCA DE NOZ,1,14.4,1,Romeu Cardozo Rocha Filho
794,CALCULO - EXERCICIOS RESOLVIDOS PARA OS CURSOS DE EXATAS E TECNOLOGICAS,0,90,1,"FIKER, JOSE"
795,Manutenção na Placa V-CON de TVs LCD LED,0,23.92,2,Luis Bertini
796,TRATABILIDADE DE ÁGUA E DOS RESÍDUOS GERADOS EM ESTAÇÕES,0,99.4,21,"CINTRA, JOSE CARLOS A."
797,Instalações Elétricas Residenciais e Comerciais Vol.01 e 02,0,117.2,1,Erich Georg
798,Coleção Eletrônica Básica Nivel 1,0,45.5,6,"ZEGARELLI, MARK"
799,MECÂNICA DE AUTOMÓVEIS PARA LEIGOS,1,78.3,3,"CINTRA, JOSE CARLOS A."
800,SEGREDOS DA GRAVIDADE,1,153.8,1,Equipe Editorial
801,O CAMINHO DESDE A ESTRUTURA - 2ª EDIÇÃO,1,34.57,2,Kenichi Tanaka
802,Peogramando o PIC,1,39.92,2,TILIBRA
803,PROJETOS MAKER,0,129.6,6,Unicamp
804,ELETROQUIMICA - PRINCIPIOS E APLICAÇOES,0,79,1,OSCAR J. ABDOUNUR
805,E SE?,1,98,1,GREF
806,Fundamentos De Caldeiraria E Tubulação Industrial,0,28,1,Júlio Harada
807,Usinas Hidrelétricas. Diretrizes Básicas Para Proteção e,0,200,1,"ROQUE, NIDIA FRANCA"
808,CALCULO NAO E UM BICHO-DE-SETE-CABEÇAS,0,32,3,"MAIA, NELSON B."
809,Glossário dos Defeitos TVs LCD,0,128.9,2,"LEE, Shu Han"
810,INDÚSTRIA 4.0,1,42.7,2,A MATEMÁTICA DO ZERO AO INFINITO
811,PRINCIPIOS DE QUIMICA - QUESTIONANDO A VIDA MODERNA E O MEIO AMBIENTE - 7ª ED,0,59.25,1,"PERES, ANTONIO EDUARDO CLARK"
812,Cálculos Básicos da Química 4ª Edição,0,57.6,2,OPTICA E FISICA MODERNA - TRADUÇAO DA 5ª EDIÇÃO NORTE-AMERICANA
813,MANUAL DE AVALIAÇOES E PERICIAS EM IMOVEIS URBANOS,0,58.65,2,AMPLIFICADORES OPERACIONAIS E FILTROS ATIVOS
814,Como Usar Um Multimetro Digital e Analógico,0,57.6,17,"MÃOS À OBRA PRO: ESTRUTURA, ALVENARIA, COBERTURAS E FORROS"
815,FUNDAÇOES POR ESTACAS,0,64.38,1,Paulo Roberto dos Santos
816,Programação de Microcontroladores PIC,1,52.5,5,Paulo Roberto dos Santos
817,EXERCICIOS DE MATEMATICA BASICA E PRE - ALGEBRA PARA LEIGOS - 2ª ED,0,56,1,"SHAMIEH, CATHLEEN"
818,FUNDAÇOES DIRETAS - PROJETO GEOTECNICO,0,57.6,11,Rosalfonso Bortoni
819,Recuperação de Alto Falantes,0,53.2,1,"ROQUE, NIDIA FRANCA"
820,Guia Mangá Circuitos Eletrônicos,0,59,1,Guilherme de Berredo Peixoto / Ilya Lvovich Shapiro
821,INSPEÇÃO DO TRABALHO,0,53.55,4,Valdemar Carlos de Morais
822,TECNOLOGIAS E MATERAIS ALTERNATIVOS DE CONSTRUÇAO,0,54,2,"MENDONÇA, SERGIO ROLIM"
823,MATEMATICA E MUSICA,0,53.9,1,CÁLCULO - VOL. II
824,FISICA 2: FISICA TERMICA E OPTICA,1,129.9,2,UMA INTRODUÇÃO À TEORIA DA RELATIVIDADE E DA GRAVITAÇÃO
825,Moldes para Injeção de Termoplásticos,1,52.9,1,"SOBEL, DAVA"
826,"QUIMICA E O MUNDO, A - LIVRO 1 A TERRA",0,50.4,1,Paulo Roberto dos Santos
827,INTRODUÇAO A RELATIVIDADE,1,69.9,22,Livro Testes E Manutenção Em Telas Lcd E Led
828,INTRODUÇÃO AO PROJETO GEOMÉTRICO DE RODOVIAS,0,43.2,3,Atividades Experimentais no Ensino de Física - Uma Nova Visão Baseada na Teoria de Vigotski
829,O FANTÁSTICO MUNDO DOS NÚMEROS,0,45.99,1,"LEONHARDT, F."
830,"TEORIA E PRATICA DO TRATAMENTO DE MINERIOS VOL.3 - BRITAGEM,",0,45.62,4,João Barcelos Neto
831,PRINCÍPIOS DE FÍSICA - VOL. IV - ÓPTICA E FÍSICA MODERNA,1,50.15,1,Yopanan Conrado Pereira Rebello
832,AMPLIFICADORES OPERACIONAIS E FILTROS ATIVOS,0,45.5,44,"MUELLER, JOHN"
833,"MÃOS À OBRA PRO: ESTRUTURA, ALVENARIA, COBERTURAS E FORROS",0,159,7,COLEÇAO ESTUDOS
834,Procurando Defeitos na Placa Main,0,36.73,1,Português
835,Testes e Manutenção em Telas LCD e LED,0,42.7,1,"TORRES, ERCILIA"
836,ELETRÔNICA PARA LEIGOS,0,39.6,1,Erich Georg
837,Amplificadores de Áudio,0,41.25,2,"BOTELHO, MANOEL HENRIQUE CAMPOS"
838,"QUIMICA E O MUNDO, A - LIVRO 2 - A VIDA",0,46,2,Paulo Roberto dos Santos
839,Introdução A Mecanica Classica 1ª Edição (2011),0,38.42,9,Paulo Roberto dos Santos
840,Eletricista Instalador Predial,0,33.6,1,"SANTOS, NELSON"
841,SISTEMAS SUSTENTAVEIS DE ESGOTOS,0,35,1,UMA ANÁLISE DOS PARALELOS ENTRE A FÍSICA MODERNA E MISTICISMO ORIENTAL
842,CÁLCULO - VOL. II,0,32.4,2,Luis Carlos Burgos
843,ESPAÇO E TEMPO NA FÍSICA CONTEMPORÂNEA,0,36,5,Paulo Roberto dos Santos
844,LONGITUDE,0,34.57,4,"KIMINAMI, CLAUDIO SHYINTI"
845,Algazarra,0,32.4,2,Antonio Maximo & Beatriz Alvarenga
846,Manutenção em Fontes Chaveadas de TVs LCD e LED,0,35,1,COLEÇAO GESTAO
847,Livro Testes E Manutenção Em Telas Lcd E Led,0,33.6,1,Carl Sagan
848,Atividades Experimentais no Ensino de Física - Uma Nova Vis,0,230.4,7,"GARBI, GILBERTO G."
849,CONSTRUÇOES DE CONCRETO - VOL. 3 - PRINCIPIOS BASICOS SOBRE,0,27.36,1,"SILVA, NEILTON F. DA"
850,"Mecânica - Newtoniana, Lagrangiana & Hamiltoniana",1,39.9,2,CIENCIAS DA VIDA E SAUDE
851,A Concepção Estrutural e a Arquitetura - 1ª Edição - 13ª Reimpressão,0,32.25,1,FRANCISCA RIUS DÍAZ;FRANCISCO JAVIER BARÓN LÓPEZ
852,MATLAB PARA LEIGOS,1,28.8,2,"FILHO, KLEBER S. OLIVEIRA"
853,CALCULO DIFERENCIAL E INTEGRAL DE FUNÇOES DE VARIAS VARIAVE,0,28.8,41,Stephen Hawking
854,Jogo Show de Experiência,0,179.9,1,"FERREIRA, NELSON JESUS"
855,CLIMATOLOGIA FACIL,0,28.08,4,"KUKSO, FEDERICO"
856,Introdução à Programação CLP. Volumes 01 e 02,0,28.08,1,COMO O ACASO DETERMINA NOSSAS VIDAS
857,CONCRETO ARMADO EU TE AMO - PARA ARQUITETOS,0,25.2,2,Augusto José Bluhm Ferreira Neto
858,Manutenção na Placa Inverter,0,28,3,DA ALAVANCA DE ARQUIMEDES AOS FRACTAIS DE MANDELBROT
859,Col.com Dicas Manutenção de TVs LCD,0,50,1,"ZILLES, ROBERTO"
860,70 PROBLEMAS CABULOSOS DE QUIMICA EM NIVEL IME - ITA,0,16.8,2,"COSTA, NEWTON CARNEIRO AFFONSO DA"
861,O TAO DA FÍSICA,0,55.44,2,APROVEITE A POTENCIA DESTE MINUSCULO CHIP WI-FI PARA CONSTRUIR PROJETOS DE CASAS INTELIGENTES
862,Manutenção de TVs LCD,0,41.25,2,"MILASCH, MILAN"
863,Col.com Dicas Manutenção de Defeitos TVs LCD,0,28,1,Carl Sagan
864,INTRODUÇAO AOS PROCESSOS DE FABRICAÇAO DE PRODUTOS METALIC,1,303,1,Erich Georg
865,Fisica- Contexto E Aplicações,1,92.88,1,Paulo Roberto dos Santos
866,O PLANEJAMENTO DOS RECURSOS E DAS INSTALAÇÕES INDUSTRIAIS,0,45.62,1,FRM - SISTEMA S
867,Livro Cosmos,1,52.5,1,Janna Levin
868,CQD - COMO QUERIAMOS DEMONSTRAR,0,93.75,6,"EINSTEIN, ALBERT"
869,ENERGIAS RENOVAVEIS NA EXPANSAO DO SETOR ELETRICO BRASILEIRO,1,17.5,4,Alexandre Capelli
870,FUNDAMENTOS DE QUIMICA ORGANICA,0,76.3,1,"ROVELLI, CARLO"
871,BIOESTATÍSTICA,0,45,6,Paulo Roberto dos Santos
872,ASTRONOMIA & ASTROFISICA,1,63,2,UMA INTRODUÇAO A TEORIA DOS NUMEROS DO MESMO AUTOR
873,Uma Breve Historia Do Tempo - Intrinseca,1,23,4,"HISTÓRIA, GEOGRAFIA, CARACTERÍSTICAS, PROPRIEDADES, MINERAÇÃO, GARIMPO, LAPIDAÇÃO, EXAMES, COMÉRCIO"
874,TEMPO E CLIMA NO BRASIL,1,76,6,"Breithaupt, Jim"
875,TUDO O QUE VOCÊ PRECISA SABER SOBRE CIÊNCIA,0,69.9,12,"SALMON, WESLEY C."
876,O ANDAR DO BÊBADO,1,35,3,"DENARDIN, GUSTAVO WEBER"
877,Mecânica Dos Solos - Coleção Manuais de Engenharia Civil V5,0,77,1,"PRINCÍPIOS BÁSICOS, DIMENSIONAMENTOS DE COMPONENTES"
878,DESBRAVADORES DA MATEMÁTICA,0,152.15,2,"WINTER, ARTHUR"
879,SISTEMAS FOTOVOLTAICOS CONECTADOS A REDE ELETRICA,1,160,4,A REVOLUÇÃO AKASHA NA CIÊNCIA E NA CONSCIÊNCIA HUMANA
880,FRAGMENTOS - FISICA QUANTICA,1,43.6,1,Albert Einstein
881,PROJETOS DE AUTOMAÇAO RESIDENCIAL COM ESP8266,1,129.6,1,"OKUNO, EMICO"
882,MANUTENCAO DE TRANFORMADORES EM LIQUIDO ISOLANTE,0,68.4,1,FUNDAMENTOS E APLICAÇOES
883,O Mundo Assombrado Pelos Demônios,1,33.12,4,PARA LEIGOS
884,Introdução à Programação Arduinoi,0,79.9,4,"PERES, JOSE GEANINI"
885,Col.Multimarcas TVs LCD.Módulo LG,0,46.8,1,OFICINA DE TEXTOS
886,METROLOGIA - PROFISSIONALIZANTE DE MECÂNICA - ISBN 9788574844671,0,79.8,3,MUDANÇAS NO PARADIGMA SUCROENERGÉTICO
887,A Música do Universo. Ondas Gravitacionais e a Maior Descoberta Científica dos Últimos Cem Anos,0,105,1,"SCHNAID, FERNANDO"
888,"TEORIA DA RELATIVIDADE ESPECIAL E GERAL, A",1,195.26,1,Paulo Roberto dos Santos
889,Instalações Elétricas e Residenciais e Comerciais,0,57.9,2,"HAUPT, ALEXANDRE GASPARY"
890,A ORDEM DO TEMPO,1,56.88,11,"RODRIGUES, LUIZ EDUARDO"
891,Manutenção em Fontes Chaveadas de TVs LCD e LED,0,35,4,"GUIRELLI, CLEBER ROBERTO"
892,SOLUÇOES E COMENTARIOS DOS 457 EXERCICIOS DO LIVRO,0,86.4,1,ESTRATEGIAS CONVENCIONAIS
893,TUDO SOBRE DIAMANTES,1,38.9,2,Luis Carlos Burgos
894,Fisica - 4a Edição,1,79.9,1,APLICAÇÕES FARMACÊUTICAS
895,Lógica,0,120,2,"FUNDAMENTOS TÉCNICOS, CÁLCULOS, MÁQUINAS E MATERIAIS UTILIZADOS"
896,SISTEMAS OPERACIONAIS DE TEMPO REAL E SUA APLICAÇÃO EM SIS,0,61.6,3,Português
897,AUTOMATISMOS PNEUMÁTICOS,0,47.52,1,CORRENTE CONTÍNUA
898,QUIMICA ORGANICA I - PARA LEIGOS,0,30,5,Paulo Roberto dos Santos
899,PLENITUDE DO COSMOS,1,15,2,Paulo Roberto dos Santos
900,Meus Últimos Anos : Os Escritos da Maturidade de um dos Maiores Gênios de Todos os Tempos,0,28.8,24,"SAMPAIO, JOAO CARLOS VIEIRA"
901,"RADIAÇAO - EFEITOS, RISCOS E BENEFICIOS",1,31.9,1,"TIPOS, MECANISMOS, NORMAS E MERCADO MUNDIAL"
902,INTRODUÇAO A QUIMICA DE CICLODEXTRINAS,0,133.2,1,ASPECTOS GERAIS E TECNOLOGIA
903,ANÁLISE ESTATÍSTICA COM R PARA LEIGOS,0,328.5,1,IMAGENS DE OUTRA FACE
904,HIDRAULICA AGRICOLA,0,46.1,1,ASPECTOS METALURGICOS E MECANICOS
905,DUTOS ENTERRADOS - ASPECTOS GEOTECNICOS,0,59.9,1,Erich Georg
906,ESPAÇO E ENERGIA,0,70.56,1,"WEINBERG, STEVEN"
907,ENSAIOS DE CAMPO E SUAS APLICAÇOES A ENGENHARIA DE FUNDAÇO,0,136.08,1,A CIENCIA EXATA DAS DECISOES HUMANAS
908,Procurando Defeitos nas Fontes de TVs LCD e LED,0,16.8,8,Paulo Roberto dos Santos
909,ELETRONICA DIGITAL,0,117.36,1,Erich Georg
910,FUNDAMENTOS DA ENGENHARIA AERONÁUTICA,1,364,1,Darrell Huff; Irving Geis
911,TRANSMISSAO DE ENERGIA ELETRICA,1,115.2,1,"OLIVEIRA, JOSE CARLOS DE"
912,CONTROLE DE PROCESSOS INDUSTRIAIS - VOL. 1,1,108,1,Eletrotécnica Ao Alcance de Todos
913,Testando Componentes Eletrônicos,0,105,1,Alexandre Capelli
914,Química orgánica,0,105.12,8,"MENEZES, SEBASTIAO DE OLIVEIRA"
915,"FERRAMENTARIA DE CORTE, DOBRA E REPUXO",0,130,2,"DOWNING, DOUGLAS"
916,Caderno de Anotações da Engenharia Civil,0,101.52,7,Paulo Roberto dos Santos
917,ELETRÔNICA : ELETRICIDADE,0,90.72,40,"KELLEY, W. MICHAEL"
918,Manutenção na Placa da Fonte de TVs LCD e LED,0,250,3,"CHALTON, NICOLA"
919,"Coleção TVs LCD,LED e Plasma",0,92.88,2,Manoel Henrique Campos Botelho & Osvaldemar Marchetti
920,"INTRODUÇAO A TOPOLOGIA GEOMETRICA, UMA",0,90,1,"MARTINS, ROBERTO DE ANDRADE"
921,POLIMEROS BIODEGRADAVEIS,1,93.75,4,"BAZZO, WALTER ANTONIO"
922,RESIDUOS PLASTICOS E RECICLAGEM,0,90.72,8,"SARTORIS, ALEXANDRE"
923,MARIE SKTODOWSKA CURIE,0,35.91,1,"VESILIND, AARNE P."
924,AÇOS PARA MOLAS DE VALVULA PARA MOTORES DE COMBUSTAO INTERN,0,82.08,3,"LACHTERMACHER, GERSON"
925,Programação PIC na Automação e Controle Vol.01,0,81.75,11,FORMAS SIMPLES PARA RESOLVER PROBLEMAS COMPLEXOS
926,PARA EXPLICAR O MUNDO,1,91.44,4,"POLYA, GEORGE"
927,ALGORITMOS PARA VIVER - A CIÊNCIA EXATA DAS DECISÕES HUMAN,1,84,1,"VEIGA, JOSE ELI DA"
928,Manutenção em TVs de Plasma,0,74.16,1,"FISCHER, ULRICH"
929,Curso de Programação de Microcontroladores PIC Vol.05,1,77.04,1,VOLUME 2
930,Como Mentir Com Estatística,1,84,1,"FIORI, ALBERTO PIO"
931,TRANSFORMADORES - TEORIA E ENSAIOS,0,129,3,"STEWART,  JAMES"
932,Eletrotécnica Ao Alcance de Todos,0,130,5,"DEVICENET, CANOPEN, SDS E TTHERNET"
933,Amplificadores Operacionais,0,81.75,6,CONTEXTO HISTÓRICO E DESENVOLVIMENTO INDUSTRIAL
934,ROCHAS - MANUAL FACIL DE ESTUDO E CLASSIFICAÇÃO,0,70.56,3,"SUZANO, MARCIO ALVES"
935,Estatística Aplicada,0,328.5,1,"GREENE, BRIAN"
936,Modo de Serviço de TVs LCD,0,70.56,7,UMA VISÃO DO FUTURO DA HUMANIDADE NO ESPAÇO
937,O GUIA COMPLETO PARA QUEM NÃO É C.D.F CÁLCULO,0,59.76,12,"BULGARELLI, ROBERVAL"
938,A HISTÓRIA DA CIÊNCIA PARA QUEM TEM PRESSA,0,64.8,1,TEORIA E PRATICA
939,Kit Livros - Concreto Armado - Eu te Amo - Vol. 1 e 2,0,244,2,"SILVA, ANTONIO CARLOS DA"
940,TEORIA DA RELATIVIDADE ESPECIAL,1,57.53,3,"FERRARESI, DINO"
941,"INTRODUÇAO A ENGENHARIA - CONCEITOS, FERRAMENTAS E COMPORTA",0,59.5,1,VOLUME 1
942,ESTATISTICA E INTRODUÇÃO A ECONOMETRIA,1,63.75,1,"GERSCOVICH, DENISE"
943,INTRODUÇÃO À ENGENHARIA AMBIENTAL,0,49,2,"SOARES NETO, VICENTE"
944,Renault,0,52.5,4,"PALERMO, MARCO ANTONIO"
945,INTRODUÇAO A MATEMATICA FINANCEIRA,0,66.5,4,"BORGES, ALBERTO NOGUEIRA"
946,EXCEL CALCULOS PARA ENGENHARIA,0,59.43,1,"Solomons, T. W. Graham"
947,"ARTE DE RESOLVER PROBLEMAS, A",0,51.84,1,SUAS INFLUÊNCIAS NA QUALIDADE DA ÁGUA E NAS TECNOLOGIAS DE TRATAMENTO.
948,DESENVOLVIMENTO SUSTENTÁVEL,0,56,2,UM MANUAL PRATICO PARA O NOVO ENTUSIASTA DE ELETRONICA
949,MANUAL DE TECNOLOGIA METAL MECANICA,0,50.4,1,CIENCIA MODERNA
950,TENSOES E DEFORMAÇAO EM GEOLOGIA,0,49.68,10,"SILVA, GYRLENE A. M. DA"
951,CÁLCULO - VOL. II,0,203.7,3,"FITZ, PAULO ROBERTO"
952,SISTEMAS FIELDBUS PARA AUTOMAÇÃO INDUSTRIAL,0,52.5,12,A VERDADEIRA HISTÓRIA DA QUÍMICA
953,PROCESSOS DE ANÁLISE QUÍMICA,0,43.2,5,Darrell Huff; Irving Geis
954,CONHECIMENTOS GERAIS DE AERONAVES,0,55.3,3,Yopanan Conrado Pereira Rebello
955,O UNIVERSO ELEGANTE,1,50,1,"MUELLER, JOHN PAUL"
956,PÁLIDO PONTO AZUL (NOVA EDIÇÃO),1,50,2,"KWONG, WU HONG"
957,CICLO TOTAL DE VIDA DAS INSTALAÇOES EM ATMOSFERAS EXPLOSIVA,0,205.2,1,"WARREN, JOHN- DAVID"
958,ENGENHARIA DE MANUTENÇAO,0,89,9,"GIORDANO, FRANK R."
959,O PROCESSAMENTO CERÂMICO SEM MISTÉRIO,0,54,3,"CHUVA, CHUVICA, CHUVARADA E OUTRAS METEOROLOGICES"
960,FUNDAMENTOS DA USINAGEM DOS METAIS,0,82.08,3,"POLKINGHORNE, JOHN"
961,Equações Diferenciais,0,48,1,"DEFENDA SUA BASE COM CIRCUITOS SIMPLES, ARDUINO E RASPBERRY PI"
962,CONTENÇÕES - TEORIA E APLICAÇÕES EM OBRAS,0,122.4,1,Tipos Latinos 2010. Catálogo da Quarta Bienal de Tipografia Latino-Americana
963,TELECOMUNICAÇÕES AVANÇADAS E AS TECNOLOGIAS APLICADAS,0,115.2,1,Luiz Bertini
964,GERENCIAMENTO AMBIENTAL INTEGRADO,0,29.9,1,PRINCÍPIOS E PRÁTICAS PEDAGÓGICAS
965,CURSO PRATICO DE CALCULO EM CONCRETO ARMADO - 3ª ED,0,38.6,2,"TORRES, ERCILIA"
966,Quimica Organica - Volume 1 - 12ª Ed,0,59.76,1,Erich Georg
967,FLORAÇÕES DE ALGAS E DE CIANOBACTÉRIAS,0,66.22,3,"AGOPYAN, VAHAN"
968,ELETRONICA PARA MAKERS,0,35,3,"WEINBERG, STEVEN"
969,"PROJETO, EXECUÇAO E DESEMPENHO DE ESTRUTURAS E FUNDAÇOES",0,129.6,10,"KWONG, WU HONG"
970,INTRODUÇAO A GRAMATICA DA LINGUAGEM MATEMATICA,0,91.44,1,Luiz Bertini
971,METEOROLOGIA - NOÇOES BASICAS,1,54,2,"TAKEMURA, MASAHARU"
972,GEOPROCESSAMENTO SEM COMPLICAÇAO,0,57.5,4,"SOUZA, ALEX SANDER CLEMENTE"
973,O SONHO DE MENDELEIEV,0,96.77,4,FORMAS SIMPLES PARA RESOLVER PROBLEMAS COMPLEXOS
974,Como Mentir Com Estatística,1,42,1,ROMPENDO A BARREIRA DA CRENÇA CIENTIFICISTA
975,A Concepção Estrutural e a Arquitetura - 1ª Edição - 13ª Reimpressão,0,48.9,5,"VEIGA, JOSE ELI DA"
976,ALGORITMOS PARA LEIGOS,1,90.72,17,"CAPORRINO,  CRISTIANA FURLAN"
977,RESOLVENDO PROBLEMAS DE ENGENHARIA QUIMICA COM SOFTWARE LIVR,0,127.5,16,COMO DESVENDAR OS MISTÉRIOS DOS NÚMEROS COM HISTÓRIAS FASCINANTES E DICAS INFALÍVEIS
978,ARDUINO PARA ROBOTICA,0,48.8,20,COLEÇAO GESTAO
979,CALCULO - VOL. 1,0,85.9,2,COLEÇAO ESTUDOS
980,ENTRANDO NO CLIMA,0,68.4,2,"OKUNO, EMICO"
981,TEORIA QUÂNTICA - VOL. 985,1,28,14,"MENEZES, SEBASTIAO DE OLIVEIRA"
982,GUIA DO MAKER PARA O APOCALIPSE ZUMBI,0,153,2,"TAKAHASHI, SHIN"
983,Tipos Latinos 2010. Catálogo da Quarta Bienal de Tipografia,0,78,6,"FARADAY, MICHAEL"
984,Eletrônica Básica,0,69.9,9,"SILVA, NEILTON F. DA"
985,EDUCAÇÃO MATEMÁTICA NOS ANOS INICIAIS DO ENSINO FUNDAMENT,0,52.9,1,"MAGALHAES, MARCOS NASCIMENTO"
986,CLIMATOLOGIA FACIL,0,33,10,SERIE APONTAMENTOS
987,Simulando e Aprendendo Eletrônica Digital V.02,0,150,5,Luiz Bertini
988,"DESAFIO DA SUSTENTABILIDADE NA CONSTRUÇÃO CIVIL, O -  VOL.",0,109.8,14,FUNDAMENTOS E APLICAÇOES
989,PARA EXPLICAR O MUNDO,0,32,4,O PEQUENO GUIA DO ESPAÇO TRIDIMENSIONAL
990,INTRODUCAO AO CONTROLE DE PROCESSOS QUIMICOS COM MATLAB - VO,1,517,15,BEI EDITORA
991,Eletrônica Básica,0,95,13,"ROVELLI, CARLO"
992,GUIA MANGA BIOQUIMICA,0,36.4,1,UMA INTRODUÇAO A TEORIA DOS NUMEROS DO MESMO AUTOR
993,DIMENSIONAMENTO DE ELEMENTOS E LIGAÇOES EM ESTRUTURAS DE A,0,54,1,Arina Aline de Antoni Amantéa Esteves
994,EXCEL CALCULOS PARA ENGENHARIA,1,49.9,12,"LEE, Shu Han"
995,COSMOS E TRANSCENDÊNCIA,1,44.9,2,"RODRIGUES, CLOVES GONÇALVES"
996,DESENVOLVIMENTO SUSTENTÁVEL,0,26.91,10,"MAIA, NELSON B."
997,PATOLOGIAS EM ALVENARIAS,0,85,1,"MACHADO, FABIO BRAZ"
998,SOU PÉSSIMO EM MATEMÁTICA,0,37.5,1,"KOJIMA, HIROYUKI"
999,O PLANEJAMENTO DOS RECURSOS E DAS INSTALAÇÕES INDUSTRIAIS,0,77.04,2,Luis Carlos Burgos
1000,CALCULO DIFERENCIAL E INTEGRAL DE FUNÇOES DE VARIAS VARIAVE,0,27.92,1,"BIRCH, HAYLEY"
1001,"RADIAÇAO - EFEITOS, RISCOS E BENEFICIOS",1,24.9,2,"SAMPAIO, JOAO CARLOS VIEIRA"
1002,ROCHAS - MANUAL FACIL DE ESTUDO E CLASSIFICAÇÃO,0,50,13,ASPECTOS GERAIS E TECNOLOGIA
1003,GUIA MANGA ALGEBRA LINEAR,0,68.4,9,Erich Georg
1004,HISTORIA QUIMICA DE UMA VELA - AS FORÇAS DA MATERIA,0,70,2,"COURROL, LILIA CORONATO"
1005,ENERGIAS RENOVAVEIS NA EXPANSAO DO SETOR ELETRICO BRASILEIRO,0,68.89,2,ASPECTOS METALURGICOS E MECANICOS
1006,NOÇOES DE PROBABILIDADE E ESTATISTICA,0,74.75,3,MUDANÇAS NO PARADIGMA SUCROENERGÉTICO
1007,CALCULADORA GRAFICA HP 50G APLICADA A ENGENHARIA,0,69.9,2,"ROVELLI, CARLO"
1008,Fontes Chaveadas E Conversores Dc-dc,0,43.92,5,Erich Georg
1009,INTRODUÇAO A QUIMICA DE CICLODEXTRINAS,0,65.9,14,"NICOLELIS, MIGUEL"
1010,"SOLIDOS PLATONICOS E ARQUIMEDIANOS, OS",0,70.9,1,ASPECTOS GERAIS E TECNOLOGIA
1011,COMO CUIDAR DO SEU MEIO AMBIENTE,0,55.9,1,Erich Georg
1012,SETE BREVES LIÇÕES DE FÍSICA,1,49,3,"COURROL, LILIA CORONATO"
1013,SOLUÇOES E COMENTARIOS DOS 457 EXERCICIOS DO LIVRO,0,69.9,2,ASPECTOS METALURGICOS E MECANICOS
1014,NR10 Segurança em Instalações e Serviços em Eletricidade.,0,49,6,MUDANÇAS NO PARADIGMA SUCROENERGÉTICO
1015,INTRODUÇÃO AO PROJETO GEOMÉTRICO DE RODOVIAS,0,49.9,1,"ROVELLI, CARLO"
1016,TOPICOS DE FISICA MATEMATICA PARA LICENCIATURA,0,59.9,2,Erich Georg
1017,INTRODUÇAO A RELATIVIDADE,0,30,10,"NICOLELIS, MIGUEL"
1018,MINERALOGIA OPTICA,1,42.9,1,Paulo Roberto dos Santos
1019,GUIA MANGA DE CALCULO DIFERENCIAL E INTEGRAL,0,59.9,2,UMA INTRODUÇÃO À TEORIA DA RELATIVIDADE E DA GRAVITAÇÃO
1020,Backlight de TV LED e Redução de Corrente,0,37.9,1,"SOBEL, DAVA"
1021,50 IDEIAS DE QUÍMICA QUE VOCÊ PRECISA CONHECER,1,39,3,"KUKSO, FEDERICO"
1022,"INTRODUÇAO A TOPOLOGIA GEOMETRICA, UMA",0,31,1,"WRIGHT, SUSAN"
1023,RESIDUOS PLASTICOS E RECICLAGEM,0,50,4,Erich Georg
1024,Col.Automoção Industrial.Módulo Sensores V.01,0,57.5,5,Alexandre Capelli
1025,Óptica geométrica,0,47,3,"PALERMO, MARCO ANTONIO"
1026,AÇOS PARA MOLAS DE VALVULA PARA MOTORES DE COMBUSTAO INTERN,0,270.43,4,"TIPOS, MECANISMOS, NORMAS E MERCADO MUNDIAL"
1027,ESPAÇO E ENERGIA,0,49.9,1,"POLKINGHORNE, JOHN"
1028,A ORDEM DO TEMPO,1,38.8,1,Luis Carlos Burgos
1029,Programação PIC na Automação e Controle Vol.01,1,57.9,1,Paulo Roberto dos Santos
1030,MUITO ALÉM DO NOSSO EU,1,149,1,Viktor A. Pastoukhov
1031,RESIDUOS PLASTICOS E RECICLAGEM,1,55,6,"CHUVA, CHUVICA, CHUVARADA E OUTRAS METEOROLOGICES"
1032,Col.Automoção Industrial.Módulo Sensores V.01,1,39,2,Vários
1033,Óptica geométrica,1,30,2,Jonathan Bellarby
1034,AÇOS PARA MOLAS DE VALVULA PARA MOTORES DE COMBUSTAO INTERN,1,51.64,1,Rafael Trovão
1035,ESPAÇO E ENERGIA,1,39.9,1,FRM - SISTEMA S
1036,A ORDEM DO TEMPO,1,53.9,2,"ZEGARELLI, MARK"
1037,Programação PIC na Automação e Controle Vol.01,0,32,2,"MARTE, VIAGENS INTERESTELARES, IMORTALIDADE E O NOSSO DESTINO PARA ALÉM DA TERRA"
1038,MUITO ALÉM DO NOSSO EU,0,198.1,5,ANALISE GRAFICA DE FENOMENOS COM RESOLUÇAO DE PROBLEMAS
1039,Col.Multimarcas TVs LCD.Módulo LG,0,179,3,"KELLEY, W. MICHAEL"
1040,ESPAÇO E TEMPO NA FÍSICA CONTEMPORÂNEA,1,51.75,23,"MUELLER, JOHN PAUL"
1041,LONGITUDE,0,50,12,"WINTER, ARTHUR"
1042,TUDO O QUE VOCÊ PRECISA SABER SOBRE CIÊNCIA,0,33,1,UMA NOVA COMPREENSÃO CIENTÍFICA DOS SISTEMAS VIVOS
1043,MATEMATICA 3 - GEOMETRIA - COLEÇAO RESUMAO ESCOLAR,0,34.65,1,Nilton Lapa
1044,Renault,1,46.1,4,A REVOLUÇÃO AKASHA NA CIÊNCIA E NA CONSCIÊNCIA HUMANA
1045,Curso Básico de Programação de Microcontroladores PIC,1,42,6,Omiro Lopes
1046,Amplificadores Operacionais,0,23.92,4,FRANCISCA RIUS DÍAZ;FRANCISCO JAVIER BARÓN LÓPEZ
1047,GERENCIAMENTO AMBIENTAL INTEGRADO,0,27.92,3,"BAKER, JOANNE"
1048,POLIMEROS BIODEGRADAVEIS,0,30,11,"CRILLY, TONY"
1049,TEORIA QUÂNTICA - VOL. 985,1,30,11,AUTODESK INVENTOR 2008 - TEORIA E PRATICA
1050,Trabalhando Com Componentes Smd 5446a,0,39,4,COMBO COM 5 LIVROS EM 1
1051,Modo de Serviço de TVs LCD,0,20,4,Stephen Hawking
1052,Introdução A Mecanica Da Integridade Estrutural,0,79.9,4,Stephen Hawking
1053,ENTRANDO NO CLIMA,0,90,20,"ESTATUTO DA ADVOCACIA E A ORDEM DOS ADVOGADOS DO BRASIL - LEI Nº 8.906, DE 4-7-1994 - 26º ED"
1054,Manual Serviço,0,200,1,"ZIMMERMAN, ERIC"
1055,Well Completion Design,0,129,9,"SANTOS, ARIOVALDO DOS"
1056,Física para EEAR,0,79.9,1,"ARANHA, ÁLVARO ZIMMERMANN / RODRIGUES, MANOEL BENEDITO"
1057,METROLOGIA - PROFISSIONALIZANTE DE MECÂNICA - ISBN 9788574844671,0,164.16,1,"VALLARINO, L. M. / QUAGLIANO, J. V."
1058,1001 PROBLEMAS DE MATEMÁTICA BÁSICA E PRÉ-ÁLGEBRA PARA L,0,96.89,1,"IMENES, LUIZ MARCIO P. / LELLIS, MARCELO CESTARI"
1059,O FUTURO DA HUMANIDADE,0,24,16,"CISCATO, CARLOS A. MATTOSO / PEREIRA, LUÍS FERNANDO"
1060,EQUAÇOES DIFERENCIAIS ORDINARIAS E TRANSFORMADAS DE LAPLACE,0,74,2,"Asimov, Isaac"
1061,ALGEBRA - O GUIA COMPLETO PARA QUEM NAO E CDF,0,49,3,"Guidorizzi, Hamilton Luiz"
1062,ALGORITMOS PARA LEIGOS,0,37.19,13,"Ricieri, Aguinaldo Prandini"
1063,QUIMICA ORGANICA I - PARA LEIGOS,0,130,5,Lineu Belico Dos Reis / Semida Silveira
1064,A TEIA DA VIDA,1,168,3,"RODRIGUES, MANOEL BENEDITO / ARANHA, ÁLVARO ZIMMERMANN"
1065,Matemática Aplicada - uma Abordagem Introdutória,0,49.9,18,"Helou, Gualter e Newton"
1066,PLENITUDE DO COSMOS,1,349.9,2,"Helou, Gualter e Newton"
1067,Lavadoras Eletrônicas de Roupas. Manutenção e Instalação.,0,57.53,1,Vários
1068,BIOESTATÍSTICA,0,48.9,6,Oscar Guelli
1069,50 IDEIAS DE FÍSICA QUÂNTICA QUE VOCÊ PRECISA CONH,1,119,2,ELETROPAULO
1070,50 IDEIAS DE MATEMÁTICA QUE VOCÊ PRECISA CONHECER,1,90,4,Vera Lucia Duarte De Novais
1071,AUTODESK INVENTOR 2008 - TEORIA E PRATICA,0,35,1,"Iezzi,Gelson"
1072,O LIVRO NEGRO DA LOTERIA  - COMBO COM OS 5 JOGOS,0,64.9,27,LOUIS LEITHOLD
1073,Uma Breve Historia Do Tempo - Intrinseca,0,120,17,"RODRIGUES, MANOEL BENEDITO / ARANHA, ÁLVARO ZIMMERMANN"
1074,KIT 4 LIVRO Stephen Hawking,0,49.9,5,Amilcar Gomes de Azevedo e Paulo Henrique Borges de Campos
1075,Alta Books,0,31,21,"CALÇADA, CAIO SÉRGIO / SAMPAIO, JOSÉ LUIZ"
1076,"ESTATUTO DA ADVOCACIA E A ORDEM DOS ADVOGADOS DO BRASIL - LEI Nº 8.906, DE 4-7-1994 - 26º ED",0,99.9,3,"BRINK JR., JOSEPH A. / SHREVE, R. NORRIS"
1077,REGRAS DO JOGO - FUNDAMENTOS DO DESIGN DE JOGOS 1,0,52.5,3,Francisco Miragaia Peruzzo - Eduardo Leite do Canto
1078,MANUAL DE CONTABILIDADE SOCIETARIA - APLICAVEL A TODAS AS SOCIEDADES DE ACORDO COM AS NORMAS INTERNACIONAIS E DO CPC,0,135.68,3,"Iezzi, Gelson / Goulart, Marcio C. / Castro, Luiz Roberto S. / Machado, Antonio dos Santos / Teixeir"
1079,Exercícios de matemática vol. 2: Funções e logaritmos,0,59,1,"HERINGER, MARCOS GUILHERME / BOGGISS, GEORGE JOSEPH / GASPAR, LUÍS ALFREDO R. / MENDONÇA, LUÍS GERAL"
1080,"Química (Quagliano, 3º edição, guanabara)",0,34.9,1,"Halliday, David / Resnick, Robert / Walker, Jearl"
1081,Microdicionário de Matemática para o 1º Grau,0,31.85,3,"REIS, LOURISNEI FORTES"
1082,Planeta Química Vol. Único (2011),0,99.9,5,"LEITHOLD, LOUIS"
1083,"Colapso do Universo, O (Francisco Alves)",0,29.9,1,"RAMOS, LUZIA FARACO"
1084,"Curso de cálculo, Um 3 (2° edição  1989)",0,42.9,1,"Ramalho Junior, Francisco / Ferraro, Nicolau Gilberto / Soares, Paulo Antônio de Toledo"
1085,Buraco Analista: Quando Se Vive por um Ideal,0,35,1,Luiz Roberto Dante
1086,Energia Elétrica Para o Desenvolvimento Sustentável,0,64.9,2,Calçada e Sampaio
1087,Exercícios de matemática vol. 3: progressões aritméticas e geométricas,0,49,2,Renato N. Rangel
1088,Coleção Conecte Física,0,34.9,1,Gelson Iezzi
1089,Tópicos de Física,0,129,1,Rudy Koopmans
1090,livros,0,128,1,Bongiovanni e outros
1091,Matemática Uma Aventura do Pensamento,0,74.9,4,"Giovanni jr, castrucci, giovanni"
1092,FORNECIMENTO DE ENERGIA ELÉTRICA EM TENSÃO SECUNDÁRIA DE DISTRIBUIÇÃO: INSTRUÇÕES GERAIS,0,71,16,Calçada e Sampaio / Ricardo Feltre
1093,Estrutura Da Matéria,0,81.75,5,JAMES STEWART
1094,Fundamentos De Matemática Elementar Vol.6,0,55.92,4,"Ramalho, Nicolau, Toledo"
1095,Papel,0,29.25,17,Alfredo Steinbruch - Paulo Winterle
1096,O Cálculo Com Geometria Analítica Volume  1 E 2,0,59.9,34,James Edward Brady e Gerard E. Humiston
1097,Exercícios de Matemática vol. 1: revisão de Ensino Fundamental,0,49.28,1,Jacir J. Venturi
1098,Estatística Básica,0,42,1,"RAMOS, LUZIA FARACO"
1099,"Física volume único (Ensino Médio, 2008)",0,80,6,"ARANHA, ÁLVARO ZIMMERMANN / RODRIGUES, MANOEL BENEDITO"
1100,Indústrias de processos químicos (4° ed),0,129.9,2,"BEER, FERDINAND P. / JOHNSTON JR., E. RUSSELL"
1101,Física na Abordagem do Cotidiano,0,99.9,6,"Ricieri, Aguinaldo Prandini"
1102,Matemática (2ªsérie/2ºgrau),0,35,3,"Asimov, Isaac"
1103,Matemática Financeira (Série Gestão Empresarial),0,72.9,4,"BRINK JR., JOSEPH A. / SHREVE, R. NORRIS"
1104,Fundamentos de Física Vol. 1 Mecânica (7° ed. Capítulos 1 a 9 - PLT 177),1,76,2,Marcos Crispino
1105,Dicionário de matemática (Lourisnei Reis),0,37.9,2,"Ramalho Junior, Francisco / Ferraro, Nicolau Gilberto / Soares, Paulo Antônio de Toledo"
1106,Cálculo com Geometria Analítica (volume 2 / 3° edição 1994),0,65,46,"STEWART, JAMES"
1107,Encontros de primeiro grau (A descoberta da matemática / Edição reformulada),0,37,7,"CISCATO, CARLOS A. MATTOSO / PEREIRA, LUÍS FERNANDO"
1108,Física 1: os fundamentos da física (moderna plus / 2009),0,72.9,3,"Lisboa, Julio Cezar Foschini"
1109,Matemática Contexto e Aplicações volume único,0,78,2,"CALÇADA, CAIO SÉRGIO / SAMPAIO, JOSÉ LUIZ"
1110,Física Clássica,0,43.2,9,"LEITHOLD, LOUIS"
1111,Práticas de Físico-Química,0,66,18,"REIS, LOURISNEI FORTES"
1112,Matemática 2° Grau,0,59.9,3,"Helou, Gualter e Newton"
1113,Polymer Melt Fracture,1,93,4,Vários
1114,Matemática e vida(exercícios de reforço),0,306.4,17,Oscar Guelli
1115,Conquista da matemática nova,0,47,10,"Iezzi,Gelson"
1116,"Física Clássica + Química (volumes 1,2 e 3)",0,68,1,"Guidorizzi, Hamilton Luiz"
1117,Calculo Volume 1,0,29.9,4,"Halliday, David / Resnick, Robert / Walker, Jearl"
1118,Os Fundamentos da Física,1,59,14,"VALLARINO, L. M. / QUAGLIANO, J. V."
1119,Geometria Analitica,0,24.9,1,"RODRIGUES, MANOEL BENEDITO / ARANHA, ÁLVARO ZIMMERMANN"
1120,Química Geral Volume 2 James Edward Brady e Gerard E. Humiston,0,56.98,3,"Iezzi, Gelson / Goulart, Marcio C. / Castro, Luiz Roberto S. / Machado, Antonio dos Santos / Teixeir"
1121,Álgebra Vetorial e Geometria Analítica,0,59,3,Luiz De Oliveira Xavier
1122,Aventura Decimal (a descoberta da matemática - ed. reformulada),1,53.9,4,Lineu Belico Dos Reis / Semida Silveira
1123,Exercícios de matemática vol. 2: Funções e logaritmos,0,40,2,"ROSA NETO, ERNESTO"
1124,Mecânica vetorial para engenheiros (Cinemática e Dinâmica),0,21.98,1,"RODRIGUES, MANOEL BENEDITO / ARANHA, ÁLVARO ZIMMERMANN"
1125,Buraco Analista: Quando Se Vive por um Ideal,0,61.6,2,"RAMOS, LUZIA FARACO"
1126,"Colapso do Universo, O (Francisco Alves)",1,70,2,"HERINGER, MARCOS GUILHERME / BOGGISS, GEORGE JOSEPH / GASPAR, LUÍS ALFREDO R. / MENDONÇA, LUÍS GERAL"
1127,Indústrias de processos químicos (4° ed),0,48,2,"Imenes, Luiz Márcio / Jakubovic, José / Lellis, Marcelo Cestari"
1128,260 Questões Resolvidas de Álgebra Linear,0,63,1,"IMENES, LUIZ MARCIO P. / LELLIS, MARCELO CESTARI"
1129,Física 1: os fundamentos da física (moderna plus / 2009),0,70,1,ELETROPAULO
1130,Cálculo vol.1 (4ª ed./Stewart),0,40,2,Felipe Acker
1131,Planeta Química Vol. Único (2011),0,45,1,"Helou, Gualter e Newton"
1132,"Química: volume único, ensino médio (ser protagonista / 2010)",0,72.9,2,Luiz Roberto Dante
1133,"Física volume único (Ensino Médio, 2008)",0,108,13,Francisco Miragaia Peruzzo - Eduardo Leite do Canto
1134,Cálculo com Geometria Analítica (volume 2 / 3° edição 1994),0,139.9,7,Vera Lucia Duarte De Novais
1135,Dicionário de matemática (Lourisnei Reis),0,92.4,1,Mark Holtzapple e W. Dan Reece
1136,Tópicos de Física,1,69.9,2,Alfredo Steinbruch - Paulo Winterle
1137,livros,0,99.9,6,Yolanda Marques
1138,Matemática Uma Aventura do Pensamento,0,109.9,40,James Edward Brady e Gerard E. Humiston
1139,Fundamentos De Matemática Elementar Vol.6,0,89,2,Renato N. Rangel
1140,"Curso de cálculo, Um 3 (2° edição  1989)",0,78.9,4,Gelson Iezzi
